CustomerID,LastPurchaseDate,Status
1000,2024-12-13,Active
1001,2024-11-07,Active
1002,2024-02-27,Churned
1003,2024-03-21,Churned
1004,2024-11-05,Active
1005,2024-06-09,Churned
1006,2024-09-07,Churned
1007,2024-07-13,Churned
1008,2024-12-12,Active
1009,2024-08-10,Churned
1010,2024-04-26,Churned
1012,2024-11-14,Active
1013,2024-10-28,Churned
1014,2024-01-10,Churned
1015,2024-06-21,Churned
1016,2024-04-24,Churned
1017,2024-02-18,Churned
1018,2024-11-16,Active
1019,2024-12-20,Active
1020,2023-02-26,Churned
1022,2024-08-22,Churned
1023,2024-12-19,Active
1024,2024-12-21,Active
1025,2024-12-14,Active
1026,2024-11-17,Active
1027,2024-06-29,Churned
1028,2024-12-17,Active
1029,2024-11-24,Active
1030,2024-12-25,Active
1031,2024-11-09,Active
1032,2024-09-12,Churned
1033,2024-02-03,Churned
1035,2024-09-30,Churned
1036,2023-09-08,Churned
1037,2024-07-31,Churned
1038,2024-03-15,Churned
1039,2024-08-17,Churned
1040,2023-02-07,Churned
1041,2024-10-15,Churned
1042,2024-07-29,Churned
1043,2024-03-24,Churned
1044,2024-03-06,Churned
1045,2024-09-30,Churned
1046,2024-10-18,Churned
1047,2023-11-24,Churned
1048,2024-10-30,Churned
1049,2023-12-27,Churned
1050,2024-12-29,Active
1051,2024-03-13,Churned
1052,2024-01-02,Churned
1053,2024-11-08,Active
1054,2023-12-25,Churned
1055,2023-10-11,Churned
1056,2024-08-31,Churned
1057,2024-08-20,Churned
1058,2024-12-12,Active
1059,2023-11-18,Churned
1060,2024-05-23,Churned
1061,2024-10-15,Churned
1062,2023-07-30,Churned
1063,2024-10-17,Churned
1064,2024-08-16,Churned
1066,2024-10-07,Churned
1067,2024-10-31,Churned
1068,2024-10-03,Churned
1069,2024-11-22,Active
1070,2024-09-13,Churned
1071,2024-11-20,Active
1072,2024-02-06,Churned
1073,2024-10-28,Churned
1074,2024-08-14,Churned
1075,2023-08-12,Churned
1076,2023-08-05,Churned
1077,2024-09-07,Churned
1078,2024-12-18,Active
1079,2024-10-14,Churned
1080,2024-10-19,Churned
1081,2023-12-11,Churned
1082,2024-11-06,Active
1083,2024-06-06,Churned
1084,2024-01-22,Churned
1085,2024-08-06,Churned
1086,2024-10-19,Churned
1087,2023-08-31,Churned
1088,2024-09-20,Churned
1089,2024-10-09,Churned
1090,2024-05-21,Churned
1091,2024-10-20,Churned
1092,2024-12-05,Active
1093,2024-04-12,Churned
1094,2024-12-25,Active
1095,2024-08-28,Churned
1096,2024-07-19,Churned
1097,2024-05-11,Churned
1098,2024-05-12,Churned
1099,2024-10-23,Churned
1100,2024-06-05,Churned
1101,2024-07-03,Churned
1102,2024-11-08,Active
1103,2024-11-03,Active
1105,2024-07-15,Churned
1106,2024-01-09,Churned
1107,2024-11-28,Active
1108,2024-05-21,Churned
1109,2024-10-20,Churned
1110,2023-12-12,Churned
1111,2023-05-08,Churned
1112,2024-06-06,Churned
1113,2024-12-18,Active
1114,2024-11-12,Active
1115,2023-09-05,Churned
1117,2023-08-28,Churned
1118,2024-09-23,Churned
1119,2024-10-04,Churned
1120,2024-03-20,Churned
1121,2023-12-04,Churned
1122,2024-07-01,Churned
1123,2023-10-27,Churned
1124,2024-12-08,Active
1125,2024-09-16,Churned
1126,2024-02-12,Churned
1128,2024-10-10,Churned
1129,2024-02-22,Churned
1131,2023-08-17,Churned
1132,2023-11-12,Churned
1133,2023-08-03,Churned
1134,2024-08-11,Churned
1135,2024-06-15,Churned
1136,2024-10-15,Churned
1137,2024-05-15,Churned
1138,2024-10-24,Churned
1139,2024-10-26,Churned
1140,2024-06-18,Churned
1141,2023-11-21,Churned
1142,2023-11-27,Churned
1143,2024-07-18,Churned
1144,2024-06-18,Churned
1145,2024-01-07,Churned
1146,2024-12-16,Active
1147,2024-11-16,Active
1148,2024-05-12,Churned
1149,2024-12-18,Active
1150,2024-01-24,Churned
1151,2024-11-21,Active
1152,2024-06-23,Churned
1153,2024-12-14,Active
1154,2024-05-17,Churned
1155,2024-08-25,Churned
1156,2024-08-25,Churned
1157,2024-02-10,Churned
1158,2024-04-15,Churned
1159,2024-12-11,Active
1160,2023-06-24,Churned
1161,2024-12-07,Active
1162,2024-12-10,Active
1163,2024-12-03,Active
1164,2024-07-07,Churned
1165,2024-03-01,Churned
1166,2024-08-12,Churned
1167,2023-02-25,Churned
1168,2024-06-21,Churned
1169,2024-11-27,Active
1170,2023-09-21,Churned
1171,2023-10-13,Churned
1172,2024-05-15,Churned
1173,2023-07-31,Churned
1174,2024-03-08,Churned
1175,2024-09-23,Churned
1176,2024-12-05,Active
1177,2023-10-29,Churned
1178,2024-11-25,Active
1179,2024-07-27,Churned
1180,2024-11-20,Active
1181,2024-08-08,Churned
1182,2023-02-28,Churned
1183,2023-09-23,Churned
1184,2024-08-23,Churned
1185,2023-07-22,Churned
1186,2024-12-21,Active
1187,2023-09-25,Churned
1188,2024-12-02,Active
1189,2024-10-15,Churned
1190,2024-11-16,Active
1191,2024-11-27,Active
1192,2024-09-10,Churned
1193,2024-12-05,Active
1194,2024-05-19,Churned
1195,2023-08-05,Churned
1196,2024-04-10,Churned
1197,2024-11-02,Active
1198,2024-06-14,Churned
1199,2024-11-08,Active
1200,2024-11-02,Active
1201,2023-08-16,Churned
1203,2024-10-23,Churned
1204,2024-11-21,Active
1205,2024-08-02,Churned
1206,2024-07-13,Churned
1207,2024-10-19,Churned
1208,2023-12-26,Churned
1209,2024-08-01,Churned
1210,2024-03-03,Churned
1211,2024-05-08,Churned
1212,2024-09-19,Churned
1213,2024-04-29,Churned
1214,2023-07-16,Churned
1215,2024-04-11,Churned
1216,2024-10-13,Churned
1217,2024-12-05,Active
1218,2024-08-12,Churned
1219,2023-11-30,Churned
1220,2024-12-20,Active
1221,2024-10-15,Churned
1222,2024-10-18,Churned
1223,2024-12-19,Active
1224,2024-09-26,Churned
1225,2024-03-03,Churned
1226,2023-05-26,Churned
1227,2024-01-01,Churned
1228,2024-10-30,Churned
1229,2024-08-03,Churned
1230,2023-08-28,Churned
1231,2023-03-06,Churned
1232,2024-02-24,Churned
1233,2023-07-04,Churned
1234,2024-10-23,Churned
1235,2024-04-03,Churned
1237,2024-02-26,Churned
1238,2024-02-17,Churned
1239,2024-07-14,Churned
1240,2024-08-02,Churned
1241,2024-10-30,Churned
1242,2024-04-26,Churned
1243,2024-12-20,Active
1245,2024-10-26,Churned
1246,2024-07-10,Churned
1247,2024-03-02,Churned
1248,2024-05-28,Churned
1249,2024-12-04,Active
1250,2024-11-16,Active
1251,2024-11-12,Active
1252,2024-10-26,Churned
1253,2024-04-06,Churned
1254,2023-02-03,Churned
1255,2024-09-17,Churned
1257,2023-10-25,Churned
1258,2024-03-20,Churned
1259,2024-02-24,Churned
1260,2024-12-29,Active
1261,2024-09-06,Churned
1262,2024-10-31,Churned
1263,2024-07-08,Churned
1264,2024-05-17,Churned
1265,2024-12-17,Active
1266,2024-03-10,Churned
1267,2024-07-15,Churned
1268,2023-11-07,Churned
1269,2024-06-01,Churned
1270,2024-10-12,Churned
1271,2024-10-01,Churned
1272,2024-04-21,Churned
1273,2024-09-30,Churned
1274,2023-11-10,Churned
1275,2024-03-11,Churned
1276,2024-10-10,Churned
1277,2023-06-03,Churned
1278,2023-01-09,Churned
1279,2024-09-24,Churned
1280,2024-05-02,Churned
1281,2024-11-10,Active
1282,2024-11-27,Active
1283,2023-10-17,Churned
1284,2024-11-30,Active
1285,2024-08-22,Churned
1286,2024-04-03,Churned
1287,2023-12-29,Churned
1288,2023-10-22,Churned
1289,2024-03-04,Churned
1290,2024-10-28,Churned
1291,2024-12-24,Active
1292,2024-04-18,Churned
1293,2024-09-30,Churned
1294,2024-09-24,Churned
1295,2024-05-29,Churned
1296,2024-11-29,Active
1297,2024-06-12,Churned
1298,2024-10-03,Churned
1299,2024-12-16,Active
1300,2023-11-14,Churned
1301,2024-11-23,Active
1302,2024-12-28,Active
1303,2024-04-22,Churned
1304,2024-12-03,Active
1305,2024-12-04,Active
1306,2024-11-27,Active
1307,2024-01-22,Churned
1308,2024-08-27,Churned
1309,2023-06-23,Churned
1310,2024-10-26,Churned
1311,2024-08-01,Churned
1312,2024-06-18,Churned
1313,2024-07-19,Churned
1314,2024-10-26,Churned
1315,2023-01-08,Churned
1316,2024-06-24,Churned
1317,2024-04-27,Churned
1318,2024-12-12,Active
1319,2024-07-28,Churned
1320,2024-11-14,Active
1321,2024-08-29,Churned
1322,2024-02-12,Churned
1324,2024-10-05,Churned
1325,2024-09-18,Churned
1326,2024-09-16,Churned
1327,2024-12-21,Active
1328,2024-12-18,Active
1329,2024-07-10,Churned
1330,2023-10-04,Churned
1331,2024-11-01,Active
1332,2023-08-27,Churned
1333,2024-10-18,Churned
1334,2023-04-26,Churned
1335,2023-12-17,Churned
1336,2024-03-14,Churned
1337,2023-11-15,Churned
1339,2024-02-18,Churned
1340,2024-10-18,Churned
1341,2024-12-08,Active
1342,2024-07-09,Churned
1343,2024-11-22,Active
1344,2024-06-25,Churned
1345,2024-10-27,Churned
1347,2024-08-23,Churned
1348,2024-06-21,Churned
1349,2023-10-27,Churned
1350,2024-06-04,Churned
1351,2023-04-12,Churned
1353,2024-08-05,Churned
1354,2024-10-23,Churned
1355,2023-12-22,Churned
1356,2024-04-11,Churned
1357,2024-01-20,Churned
1358,2024-05-20,Churned
1359,2024-12-08,Active
1360,2023-11-27,Churned
1361,2024-06-20,Churned
1362,2023-05-21,Churned
1363,2023-12-07,Churned
1364,2024-10-18,Churned
1365,2024-10-29,Churned
1366,2023-08-19,Churned
1367,2024-08-25,Churned
1368,2024-04-05,Churned
1369,2023-11-12,Churned
1370,2024-10-24,Churned
1371,2024-04-03,Churned
1372,2024-11-30,Active
1373,2024-03-15,Churned
1374,2024-07-14,Churned
1375,2024-06-15,Churned
1376,2024-11-09,Active
1377,2024-10-31,Churned
1378,2024-12-12,Active
1379,2023-12-28,Churned
1380,2024-12-07,Active
1381,2024-08-16,Churned
1382,2024-07-20,Churned
1383,2024-04-19,Churned
1384,2024-07-06,Churned
1385,2024-08-27,Churned
1386,2024-11-11,Active
1387,2024-04-24,Churned
1388,2024-06-08,Churned
1389,2024-02-27,Churned
1390,2024-07-15,Churned
1391,2023-09-18,Churned
1392,2024-08-12,Churned
1393,2024-07-16,Churned
1394,2024-03-13,Churned
1395,2023-10-08,Churned
1396,2024-10-03,Churned
1397,2024-10-07,Churned
1398,2024-12-19,Active
1399,2023-12-22,Churned
1400,2023-05-28,Churned
1401,2024-10-26,Churned
1402,2024-06-13,Churned
1403,2024-06-23,Churned
1404,2024-10-17,Churned
1405,2024-06-04,Churned
1406,2023-11-14,Churned
1407,2024-02-15,Churned
1408,2024-10-07,Churned
1409,2024-12-20,Active
1410,2024-09-03,Churned
1411,2023-12-17,Churned
1413,2024-12-17,Active
1414,2024-09-02,Churned
1415,2024-08-04,Churned
1416,2024-07-05,Churned
1417,2024-02-24,Churned
1418,2024-06-17,Churned
1419,2024-12-29,Active
1420,2024-09-10,Churned
1421,2024-10-28,Churned
1422,2024-08-23,Churned
1423,2024-01-27,Churned
1424,2024-08-13,Churned
1425,2024-07-28,Churned
1426,2024-11-06,Active
1427,2024-09-22,Churned
1428,2024-12-29,Active
1429,2024-12-30,Active
1430,2024-12-14,Active
1431,2024-01-06,Churned
1432,2024-07-08,Churned
1433,2024-08-23,Churned
1434,2024-12-31,Active
1435,2024-10-06,Churned
1436,2024-08-24,Churned
1437,2024-10-06,Churned
1438,2024-05-09,Churned
1439,2024-09-24,Churned
1440,2023-05-26,Churned
1442,2024-12-30,Active
1443,2024-06-28,Churned
1444,2023-09-28,Churned
1445,2024-10-31,Churned
1446,2023-05-12,Churned
1447,2024-11-29,Active
1448,2023-10-30,Churned
1449,2023-07-06,Churned
1450,2024-07-03,Churned
1451,2024-01-18,Churned
1452,2024-12-17,Active
1453,2024-04-19,Churned
1454,2024-11-30,Active
1455,2024-03-07,Churned
1456,2024-05-23,Churned
1457,2023-06-21,Churned
1458,2024-12-04,Active
1459,2024-03-02,Churned
1460,2024-06-08,Churned
1461,2024-12-06,Active
1462,2024-04-18,Churned
1463,2024-07-25,Churned
1464,2023-12-26,Churned
1465,2023-04-01,Churned
1466,2024-09-22,Churned
1467,2024-07-28,Churned
1468,2024-12-02,Active
1469,2024-12-03,Active
1470,2024-10-16,Churned
1471,2024-12-04,Active
1472,2024-10-10,Churned
1473,2024-05-22,Churned
1474,2024-09-30,Churned
1475,2024-12-30,Active
1476,2024-05-29,Churned
1477,2023-08-21,Churned
1478,2024-07-25,Churned
1479,2023-09-04,Churned
1480,2024-08-20,Churned
1481,2024-10-10,Churned
1482,2024-09-14,Churned
1483,2024-10-13,Churned
1484,2024-08-02,Churned
1485,2024-09-09,Churned
1486,2024-12-30,Active
1488,2024-09-10,Churned
1489,2024-12-01,Active
1490,2024-09-09,Churned
1491,2024-09-07,Churned
1492,2024-03-18,Churned
1494,2024-07-18,Churned
1495,2024-10-09,Churned
1496,2024-12-29,Active
1497,2023-02-17,Churned
1498,2024-11-28,Active
1500,2024-06-15,Churned
1501,2024-02-23,Churned
1502,2024-07-25,Churned
1503,2023-03-21,Churned
1505,2024-11-20,Active
1506,2023-12-12,Churned
1508,2024-12-12,Active
1509,2023-10-09,Churned
1510,2024-07-25,Churned
1511,2024-09-16,Churned
1512,2023-06-09,Churned
1513,2024-01-29,Churned
1515,2024-04-15,Churned
1516,2024-03-18,Churned
1517,2023-09-07,Churned
1518,2023-11-08,Churned
1519,2024-06-06,Churned
1520,2024-07-31,Churned
1521,2024-03-28,Churned
1522,2024-11-27,Active
1523,2024-07-26,Churned
1524,2024-02-27,Churned
1525,2024-08-21,Churned
1526,2024-02-21,Churned
1527,2024-11-30,Active
1528,2023-08-03,Churned
1529,2024-12-03,Active
1530,2024-09-09,Churned
1531,2024-06-25,Churned
1532,2024-09-05,Churned
1533,2023-05-23,Churned
1534,2024-11-14,Active
1535,2024-03-24,Churned
1536,2024-06-12,Churned
1537,2024-05-30,Churned
1539,2024-03-15,Churned
1540,2023-11-07,Churned
1541,2024-06-01,Churned
1542,2024-12-26,Active
1543,2024-07-06,Churned
1544,2023-10-16,Churned
1545,2024-03-30,Churned
1546,2024-07-16,Churned
1547,2023-10-01,Churned
1548,2024-10-14,Churned
1549,2023-04-17,Churned
1550,2024-11-21,Active
1551,2023-04-12,Churned
1552,2024-09-03,Churned
1553,2024-05-25,Churned
1554,2023-08-07,Churned
1555,2024-09-20,Churned
1556,2024-07-26,Churned
1557,2024-04-02,Churned
1558,2024-12-05,Active
1560,2024-12-10,Active
1562,2024-08-28,Churned
1563,2024-02-16,Churned
1564,2023-12-12,Churned
1565,2024-12-16,Active
1566,2024-10-09,Churned
1567,2024-08-30,Churned
1568,2024-10-21,Churned
1569,2024-01-09,Churned
1570,2024-12-29,Active
1571,2024-12-21,Active
1572,2024-07-13,Churned
1573,2024-09-18,Churned
1574,2024-09-11,Churned
1575,2023-09-27,Churned
1576,2024-11-17,Active
1577,2024-05-06,Churned
1578,2023-02-24,Churned
1579,2024-03-27,Churned
1580,2024-12-01,Active
1581,2024-08-02,Churned
1582,2024-02-27,Churned
1583,2024-10-21,Churned
1584,2024-05-18,Churned
1585,2024-07-08,Churned
1586,2024-06-10,Churned
1587,2024-01-30,Churned
1588,2024-01-21,Churned
1589,2024-02-28,Churned
1590,2023-03-03,Churned
1591,2024-12-22,Active
1592,2024-07-19,Churned
1593,2024-02-21,Churned
1594,2024-02-11,Churned
1595,2023-08-07,Churned
1596,2023-09-25,Churned
1597,2023-08-05,Churned
1598,2024-10-18,Churned
1599,2024-05-28,Churned
1600,2024-09-18,Churned
1601,2024-08-31,Churned
1602,2024-05-23,Churned
1603,2024-12-07,Active
1604,2024-12-07,Active
1605,2024-11-29,Active
1606,2024-11-30,Active
1607,2024-04-18,Churned
1608,2024-12-17,Active
1609,2024-12-07,Active
1610,2024-12-31,Active
1611,2023-09-29,Churned
1612,2024-01-20,Churned
1613,2024-12-22,Active
1614,2024-08-24,Churned
1615,2024-07-27,Churned
1616,2024-11-11,Active
1617,2024-06-02,Churned
1618,2024-07-30,Churned
1620,2024-08-14,Churned
1621,2023-08-17,Churned
1622,2023-07-24,Churned
1623,2024-11-25,Active
1624,2024-12-26,Active
1625,2024-11-28,Active
1626,2024-12-13,Active
1627,2023-08-28,Churned
1628,2023-10-16,Churned
1629,2024-11-02,Active
1630,2024-11-23,Active
1631,2023-11-13,Churned
1632,2024-04-07,Churned
1633,2024-04-22,Churned
1634,2024-12-26,Active
1635,2024-10-13,Churned
1636,2024-02-21,Churned
1637,2024-09-18,Churned
1638,2024-11-13,Active
1639,2024-03-06,Churned
1640,2024-05-27,Churned
1641,2024-06-24,Churned
1642,2024-06-04,Churned
1643,2023-09-13,Churned
1644,2024-01-18,Churned
1645,2023-04-15,Churned
1646,2023-12-07,Churned
1647,2024-06-30,Churned
1648,2024-10-05,Churned
1649,2024-04-21,Churned
1650,2024-06-06,Churned
1651,2023-03-23,Churned
1652,2024-07-30,Churned
1653,2024-04-29,Churned
1655,2023-05-21,Churned
1656,2024-01-23,Churned
1657,2024-05-07,Churned
1658,2024-02-02,Churned
1659,2024-11-12,Active
1660,2024-01-12,Churned
1661,2024-06-19,Churned
1663,2023-10-22,Churned
1664,2023-10-03,Churned
1665,2023-09-06,Churned
1666,2024-11-13,Active
1667,2024-09-01,Churned
1668,2024-03-06,Churned
1669,2024-12-05,Active
1670,2023-12-17,Churned
1671,2024-08-17,Churned
1672,2024-12-03,Active
1673,2024-09-14,Churned
1674,2024-08-22,Churned
1675,2023-09-30,Churned
1676,2024-12-17,Active
1677,2024-05-31,Churned
1678,2024-07-26,Churned
1679,2023-06-04,Churned
1680,2023-12-18,Churned
1681,2024-04-13,Churned
1682,2024-12-12,Active
1683,2023-06-10,Churned
1684,2024-09-03,Churned
1685,2024-05-31,Churned
1686,2024-08-11,Churned
1687,2024-11-11,Active
1688,2024-09-15,Churned
1689,2024-06-29,Churned
1690,2024-09-09,Churned
1691,2024-08-23,Churned
1692,2024-10-02,Churned
1693,2024-10-09,Churned
1694,2024-11-22,Active
1695,2023-09-15,Churned
1697,2024-11-06,Active
1698,2024-08-19,Churned
1699,2024-07-23,Churned
1700,2024-11-28,Active
1701,2024-09-12,Churned
1702,2023-05-27,Churned
1703,2024-03-11,Churned
1704,2024-09-04,Churned
1705,2024-12-30,Active
1706,2024-11-30,Active
1707,2023-11-24,Churned
1708,2024-11-11,Active
1709,2024-02-07,Churned
1710,2024-12-01,Active
1711,2024-05-27,Churned
1712,2024-08-21,Churned
1713,2024-08-26,Churned
1715,2023-10-12,Churned
1716,2024-12-13,Active
1717,2024-11-07,Active
1718,2024-12-01,Active
1719,2024-04-18,Churned
1720,2024-09-11,Churned
1721,2024-11-25,Active
1722,2024-04-09,Churned
1723,2023-02-02,Churned
1724,2024-11-08,Active
1725,2023-10-03,Churned
1726,2023-08-19,Churned
1727,2024-04-24,Churned
1728,2023-11-12,Churned
1729,2024-07-15,Churned
1730,2023-01-05,Churned
1731,2024-12-08,Active
1732,2024-11-15,Active
1733,2023-09-16,Churned
1734,2023-05-11,Churned
1735,2024-12-19,Active
1737,2023-06-10,Churned
1738,2024-04-12,Churned
1739,2024-10-17,Churned
1740,2024-09-01,Churned
1741,2024-08-31,Churned
1742,2024-12-28,Active
1743,2024-08-31,Churned
1745,2024-10-08,Churned
1746,2024-06-16,Churned
1747,2024-11-07,Active
1748,2024-07-27,Churned
1749,2024-03-12,Churned
1750,2024-11-05,Active
1751,2023-11-05,Churned
1752,2023-08-13,Churned
1753,2023-09-22,Churned
1754,2024-06-12,Churned
1755,2024-09-11,Churned
1756,2024-12-23,Active
1757,2024-11-13,Active
1758,2024-10-12,Churned
1759,2023-01-05,Churned
1760,2023-12-15,Churned
1761,2024-02-17,Churned
1762,2024-08-16,Churned
1763,2024-08-22,Churned
1764,2023-10-11,Churned
1765,2024-12-06,Active
1766,2024-02-28,Churned
1767,2023-04-12,Churned
1768,2024-12-14,Active
1769,2024-05-21,Churned
1770,2023-07-16,Churned
1771,2024-06-19,Churned
1772,2024-08-14,Churned
1773,2024-07-19,Churned
1774,2024-12-16,Active
1775,2023-11-05,Churned
1776,2024-08-19,Churned
1777,2024-10-06,Churned
1778,2024-07-04,Churned
1779,2024-02-13,Churned
1780,2023-08-08,Churned
1781,2024-01-31,Churned
1782,2023-12-02,Churned
1783,2024-03-18,Churned
1784,2024-03-14,Churned
1785,2024-04-21,Churned
1786,2024-07-26,Churned
1787,2024-02-23,Churned
1788,2024-08-15,Churned
1789,2024-04-12,Churned
1790,2024-08-06,Churned
1791,2024-10-05,Churned
1792,2024-07-31,Churned
1793,2024-11-07,Active
1794,2024-08-02,Churned
1795,2024-02-19,Churned
1796,2023-09-15,Churned
1797,2024-03-17,Churned
1799,2024-11-11,Active
1801,2024-05-18,Churned
1802,2023-12-21,Churned
1803,2024-05-27,Churned
1804,2024-12-17,Active
1805,2023-10-27,Churned
1806,2024-10-28,Churned
1808,2024-04-02,Churned
1809,2024-11-07,Active
1810,2024-04-22,Churned
1812,2024-09-03,Churned
1814,2024-11-05,Active
1815,2024-07-24,Churned
1816,2023-12-15,Churned
1817,2023-11-03,Churned
1818,2024-12-29,Active
1819,2024-11-20,Active
1820,2024-12-14,Active
1821,2024-08-06,Churned
1822,2024-07-03,Churned
1823,2023-09-10,Churned
1824,2024-09-22,Churned
1825,2023-09-18,Churned
1826,2024-06-05,Churned
1827,2024-08-19,Churned
1828,2024-02-06,Churned
1829,2024-11-23,Active
1830,2024-10-31,Churned
1831,2024-12-02,Active
1832,2023-10-28,Churned
1833,2024-10-05,Churned
1834,2024-03-23,Churned
1835,2024-05-08,Churned
1836,2024-12-20,Active
1837,2024-03-11,Churned
1839,2024-09-28,Churned
1840,2024-09-30,Churned
1841,2024-01-12,Churned
1842,2024-07-03,Churned
1843,2024-07-08,Churned
1844,2024-09-09,Churned
1845,2023-05-07,Churned
1846,2024-10-05,Churned
1847,2023-02-06,Churned
1848,2024-12-23,Active
1851,2024-12-03,Active
1852,2024-09-20,Churned
1853,2024-08-28,Churned
1854,2024-06-08,Churned
1855,2024-07-19,Churned
1856,2024-10-27,Churned
1857,2023-06-10,Churned
1858,2023-11-16,Churned
1859,2024-12-01,Active
1860,2024-02-03,Churned
1861,2024-06-23,Churned
1862,2024-05-08,Churned
1863,2024-08-26,Churned
1864,2024-01-12,Churned
1865,2024-03-14,Churned
1866,2024-11-24,Active
1867,2024-10-10,Churned
1868,2024-10-23,Churned
1869,2023-07-23,Churned
1871,2024-03-14,Churned
1872,2024-10-15,Churned
1873,2024-10-22,Churned
1874,2023-01-18,Churned
1875,2024-05-18,Churned
1876,2024-10-13,Churned
1877,2024-07-17,Churned
1878,2024-07-25,Churned
1879,2024-08-06,Churned
1880,2024-03-23,Churned
1881,2024-07-23,Churned
1882,2023-12-21,Churned
1883,2024-07-13,Churned
1884,2024-11-07,Active
1885,2023-05-01,Churned
1886,2024-01-22,Churned
1887,2024-11-06,Active
1888,2024-09-18,Churned
1889,2024-11-22,Active
1890,2023-11-11,Churned
1891,2024-03-04,Churned
1892,2024-11-28,Active
1893,2024-12-18,Active
1895,2024-02-26,Churned
1896,2024-11-28,Active
1897,2024-05-22,Churned
1898,2024-09-03,Churned
1899,2024-06-23,Churned
1900,2023-03-24,Churned
1901,2024-03-13,Churned
1902,2024-08-19,Churned
1903,2024-12-09,Active
1904,2024-07-28,Churned
1906,2024-08-06,Churned
1907,2024-07-25,Churned
1908,2024-09-17,Churned
1909,2024-12-21,Active
1910,2024-10-24,Churned
1911,2024-06-14,Churned
1912,2024-12-04,Active
1913,2024-12-09,Active
1914,2024-09-09,Churned
1915,2024-12-20,Active
1916,2023-02-08,Churned
1917,2024-11-14,Active
1918,2024-11-04,Active
1919,2024-07-26,Churned
1920,2024-09-04,Churned
1921,2024-08-21,Churned
1922,2024-10-25,Churned
1923,2024-02-23,Churned
1924,2024-06-03,Churned
1925,2024-08-24,Churned
1926,2024-07-04,Churned
1927,2024-01-20,Churned
1928,2024-02-15,Churned
1929,2023-11-09,Churned
1931,2023-09-12,Churned
1932,2024-11-21,Active
1933,2024-07-12,Churned
1934,2024-08-18,Churned
1935,2024-06-07,Churned
1936,2024-02-26,Churned
1937,2023-05-07,Churned
1938,2024-06-01,Churned
1939,2024-10-27,Churned
1940,2023-03-31,Churned
1941,2024-08-21,Churned
1942,2024-12-18,Active
1943,2024-08-25,Churned
1944,2024-06-21,Churned
1945,2024-08-16,Churned
1946,2024-05-04,Churned
1947,2024-12-24,Active
1948,2023-12-07,Churned
1949,2024-10-31,Churned
1950,2024-08-27,Churned
1951,2024-05-10,Churned
1953,2024-05-18,Churned
1954,2024-08-06,Churned
1955,2024-12-16,Active
1956,2024-12-18,Active
1957,2023-10-01,Churned
1958,2024-12-17,Active
1959,2024-08-08,Churned
1960,2023-06-15,Churned
1961,2024-09-01,Churned
1962,2023-02-11,Churned
1963,2024-08-24,Churned
1964,2023-01-08,Churned
1965,2024-09-04,Churned
1966,2024-10-02,Churned
1967,2023-03-06,Churned
1968,2024-10-20,Churned
1969,2024-11-13,Active
1970,2024-10-31,Churned
1971,2023-12-24,Churned
1972,2023-08-28,Churned
1973,2024-12-20,Active
1974,2023-07-28,Churned
1975,2023-08-07,Churned
1976,2024-06-07,Churned
1977,2024-06-14,Churned
1978,2024-03-21,Churned
1979,2024-02-06,Churned
1980,2024-12-30,Active
1981,2024-11-27,Active
1982,2024-03-19,Churned
1983,2024-07-26,Churned
1984,2024-01-20,Churned
1985,2023-07-28,Churned
1987,2024-08-07,Churned
1988,2024-12-15,Active
1989,2023-09-04,Churned
1990,2024-03-04,Churned
1991,2024-12-11,Active
1992,2023-01-22,Churned
1993,2023-01-31,Churned
1994,2024-08-25,Churned
1995,2024-11-22,Active
1996,2024-11-06,Active
1997,2024-10-15,Churned
1998,2024-11-06,Active
1999,2023-12-24,Churned
2000,2024-12-04,Active
2001,2024-09-23,Churned
2002,2024-12-23,Active
2003,2024-07-11,Churned
2004,2023-09-14,Churned
2005,2023-12-06,Churned
2006,2024-07-25,Churned
2007,2024-12-03,Active
2008,2024-11-01,Active
2009,2024-09-06,Churned
2010,2023-08-31,Churned
2011,2023-05-02,Churned
2013,2024-04-14,Churned
2014,2024-10-26,Churned
2015,2024-07-05,Churned
2016,2024-12-21,Active
2018,2024-12-24,Active
2019,2024-12-13,Active
2020,2024-09-10,Churned
2022,2024-07-30,Churned
2023,2024-09-01,Churned
2024,2024-07-21,Churned
2025,2024-09-09,Churned
2026,2024-03-20,Churned
2027,2024-11-29,Active
2028,2024-08-25,Churned
2029,2024-08-22,Churned
2030,2024-06-05,Churned
2031,2023-10-13,Churned
2032,2024-06-11,Churned
2033,2024-12-13,Active
2034,2024-03-15,Churned
2035,2024-11-11,Active
2036,2024-03-15,Churned
2037,2023-03-09,Churned
2038,2024-11-22,Active
2039,2024-06-11,Churned
2040,2023-10-28,Churned
2041,2024-06-26,Churned
2043,2024-12-20,Active
2044,2024-12-17,Active
2045,2024-03-02,Churned
2047,2023-07-26,Churned
2048,2024-12-25,Active
2049,2023-05-07,Churned
2050,2024-08-13,Churned
2051,2023-02-28,Churned
2052,2023-07-25,Churned
2053,2024-09-16,Churned
2054,2024-12-04,Active
2055,2024-11-27,Active
2056,2024-05-14,Churned
2057,2024-10-05,Churned
2058,2024-11-21,Active
2059,2024-11-27,Active
2060,2024-08-18,Churned
2061,2024-09-12,Churned
2062,2024-05-09,Churned
2063,2024-07-14,Churned
2064,2024-06-19,Churned
2065,2024-11-05,Active
2066,2024-12-20,Active
2067,2024-10-27,Churned
2068,2024-11-19,Active
2069,2024-11-19,Active
2070,2024-01-22,Churned
2071,2024-07-27,Churned
2072,2024-04-20,Churned
2073,2024-12-08,Active
2074,2024-01-02,Churned
2075,2024-07-16,Churned
2076,2024-08-09,Churned
2077,2023-10-07,Churned
2078,2024-12-15,Active
2079,2024-04-06,Churned
2080,2024-06-19,Churned
2082,2024-11-13,Active
2083,2024-04-20,Churned
2084,2024-03-03,Churned
2085,2024-04-28,Churned
2086,2024-12-19,Active
2087,2023-03-15,Churned
2088,2024-05-09,Churned
2089,2024-04-17,Churned
2090,2024-11-04,Active
2091,2023-03-29,Churned
2092,2024-09-01,Churned
2093,2024-11-27,Active
2094,2024-09-29,Churned
2095,2023-08-20,Churned
2096,2024-11-09,Active
2097,2024-03-14,Churned
2098,2024-12-05,Active
2099,2024-04-05,Churned
2100,2024-11-25,Active
2102,2024-06-26,Churned
2103,2024-07-03,Churned
2104,2023-09-13,Churned
2105,2024-12-30,Active
2106,2024-12-26,Active
2107,2024-09-05,Churned
2108,2024-07-28,Churned
2109,2023-10-07,Churned
2110,2024-11-10,Active
2111,2024-10-28,Churned
2112,2024-10-10,Churned
2113,2024-01-17,Churned
2114,2024-02-13,Churned
2116,2024-11-28,Active
2117,2024-05-08,Churned
2118,2023-11-03,Churned
2119,2024-06-24,Churned
2120,2024-12-12,Active
2121,2024-09-29,Churned
2122,2024-03-09,Churned
2123,2024-12-28,Active
2124,2024-10-25,Churned
2125,2024-12-20,Active
2127,2024-04-28,Churned
2128,2023-12-03,Churned
2129,2023-09-18,Churned
2130,2024-05-15,Churned
2131,2024-07-14,Churned
2132,2024-10-03,Churned
2133,2024-02-26,Churned
2134,2023-11-10,Churned
2135,2024-11-18,Active
2136,2024-12-27,Active
2137,2024-05-02,Churned
2138,2023-12-06,Churned
2139,2024-09-01,Churned
2140,2024-12-26,Active
2141,2024-10-27,Churned
2142,2024-11-24,Active
2143,2023-06-25,Churned
2144,2024-10-19,Churned
2145,2023-10-31,Churned
2146,2024-11-08,Active
2147,2024-07-19,Churned
2148,2024-06-26,Churned
2149,2024-08-06,Churned
2150,2024-09-23,Churned
2151,2024-05-30,Churned
2152,2024-06-13,Churned
2153,2024-01-21,Churned
2154,2023-11-04,Churned
2155,2023-02-17,Churned
2156,2024-07-14,Churned
2157,2024-10-29,Churned
2158,2024-02-13,Churned
2159,2024-06-12,Churned
2160,2024-08-23,Churned
2161,2024-11-20,Active
2162,2024-04-09,Churned
2163,2024-06-06,Churned
2164,2024-12-26,Active
2165,2024-08-29,Churned
2167,2024-12-16,Active
2168,2024-10-01,Churned
2169,2024-10-16,Churned
2170,2023-07-16,Churned
2171,2024-04-20,Churned
2172,2024-10-05,Churned
2173,2024-11-11,Active
2174,2024-11-12,Active
2175,2024-07-02,Churned
2176,2024-03-29,Churned
2177,2024-05-10,Churned
2178,2023-12-04,Churned
2179,2024-04-30,Churned
2180,2024-06-20,Churned
2181,2023-06-04,Churned
2182,2024-03-20,Churned
2183,2024-07-31,Churned
2184,2024-12-13,Active
2185,2024-12-04,Active
2186,2024-10-25,Churned
2187,2024-07-06,Churned
2188,2024-09-30,Churned
2189,2024-08-12,Churned
2190,2024-04-26,Churned
2191,2024-10-15,Churned
2192,2024-11-03,Active
2193,2024-04-28,Churned
2194,2024-08-02,Churned
2195,2024-11-28,Active
2196,2024-10-11,Churned
2198,2024-12-08,Active
2199,2024-12-29,Active
2200,2024-02-06,Churned
2201,2024-10-08,Churned
2202,2023-09-24,Churned
2203,2024-11-23,Active
2204,2023-09-05,Churned
2205,2024-07-15,Churned
2206,2024-08-21,Churned
2207,2023-10-29,Churned
2209,2024-07-21,Churned
2213,2024-11-30,Active
2214,2023-12-31,Churned
2215,2024-10-10,Churned
2216,2024-12-13,Active
2217,2023-09-11,Churned
2218,2024-02-02,Churned
2219,2023-08-01,Churned
2220,2023-09-08,Churned
2221,2024-04-27,Churned
2222,2024-11-15,Active
2223,2024-07-24,Churned
2224,2023-10-09,Churned
2225,2024-12-06,Active
2226,2024-03-20,Churned
2227,2024-08-23,Churned
2228,2024-06-03,Churned
2229,2024-10-09,Churned
2230,2024-01-10,Churned
2231,2023-05-22,Churned
2232,2024-09-04,Churned
2233,2024-09-14,Churned
2234,2024-06-25,Churned
2235,2024-07-29,Churned
2236,2024-12-04,Active
2237,2024-06-15,Churned
2238,2023-07-14,Churned
2239,2024-12-26,Active
2240,2023-05-22,Churned
2241,2024-08-02,Churned
2242,2024-08-14,Churned
2243,2023-12-30,Churned
2244,2024-06-19,Churned
2245,2024-04-24,Churned
2246,2024-07-01,Churned
2249,2024-10-03,Churned
2250,2024-10-26,Churned
2251,2023-10-06,Churned
2252,2024-12-22,Active
2253,2024-10-13,Churned
2254,2024-04-06,Churned
2255,2024-02-11,Churned
2256,2024-02-09,Churned
2257,2023-12-02,Churned
2258,2023-11-06,Churned
2259,2024-11-12,Active
2260,2024-10-31,Churned
2261,2024-06-10,Churned
2262,2024-02-02,Churned
2263,2024-12-15,Active
2264,2024-04-02,Churned
2265,2024-09-19,Churned
2266,2024-06-09,Churned
2267,2024-04-15,Churned
2268,2024-02-09,Churned
2269,2024-02-26,Churned
2270,2024-02-27,Churned
2271,2024-10-24,Churned
2272,2024-04-17,Churned
2273,2024-12-09,Active
2274,2023-06-26,Churned
2275,2023-05-20,Churned
2276,2024-11-04,Active
2277,2024-01-18,Churned
2278,2024-09-24,Churned
2279,2024-08-29,Churned
2280,2024-09-25,Churned
2281,2024-03-22,Churned
2282,2024-10-12,Churned
2283,2024-06-17,Churned
2284,2024-03-30,Churned
2285,2024-05-23,Churned
2286,2024-03-30,Churned
2287,2024-12-30,Active
2288,2024-11-29,Active
2289,2024-10-16,Churned
2290,2024-11-22,Active
2291,2024-12-15,Active
2292,2024-01-29,Churned
2293,2024-12-17,Active
2294,2024-12-28,Active
2295,2024-12-20,Active
2296,2023-04-29,Churned
2297,2024-11-22,Active
2298,2024-07-05,Churned
2299,2024-07-17,Churned
2300,2023-05-24,Churned
2301,2024-07-24,Churned
2302,2024-03-02,Churned
2303,2024-08-24,Churned
2304,2024-04-04,Churned
2305,2024-10-25,Churned
2306,2023-11-03,Churned
2307,2024-07-20,Churned
2308,2024-09-13,Churned
2309,2024-02-19,Churned
2310,2024-07-09,Churned
2311,2024-09-05,Churned
2312,2024-04-10,Churned
2313,2023-08-15,Churned
2314,2024-09-28,Churned
2315,2024-10-30,Churned
2316,2024-09-27,Churned
2317,2024-08-12,Churned
2318,2024-11-04,Active
2319,2024-10-11,Churned
2321,2023-07-19,Churned
2322,2024-12-11,Active
2323,2024-10-09,Churned
2325,2024-09-24,Churned
2326,2024-03-18,Churned
2327,2024-12-23,Active
2328,2024-11-28,Active
2329,2023-02-25,Churned
2330,2024-06-01,Churned
2332,2023-09-13,Churned
2333,2024-06-13,Churned
2334,2024-07-21,Churned
2335,2024-10-28,Churned
2336,2024-07-25,Churned
2337,2024-09-08,Churned
2338,2024-11-05,Active
2339,2024-11-19,Active
2340,2024-09-18,Churned
2341,2024-11-19,Active
2342,2024-09-09,Churned
2343,2024-09-09,Churned
2344,2024-12-28,Active
2345,2024-09-09,Churned
2346,2024-06-19,Churned
2347,2023-05-21,Churned
2348,2024-10-29,Churned
2349,2024-07-23,Churned
2350,2024-12-23,Active
2351,2024-12-02,Active
2352,2024-10-21,Churned
2353,2024-10-31,Churned
2354,2024-05-27,Churned
2355,2024-09-14,Churned
2357,2024-10-25,Churned
2358,2024-05-18,Churned
2359,2023-01-07,Churned
2360,2023-09-10,Churned
2361,2024-07-27,Churned
2362,2024-09-19,Churned
2363,2024-12-13,Active
2364,2023-04-15,Churned
2365,2024-11-06,Active
2366,2024-09-07,Churned
2367,2024-11-01,Active
2368,2024-11-24,Active
2369,2024-11-08,Active
2370,2024-04-20,Churned
2371,2023-04-05,Churned
2372,2024-07-23,Churned
2373,2024-08-01,Churned
2374,2024-12-15,Active
2375,2023-12-22,Churned
2376,2024-07-13,Churned
2377,2024-09-04,Churned
2378,2024-07-11,Churned
2379,2023-12-15,Churned
2380,2024-06-01,Churned
2381,2024-12-22,Active
2382,2024-06-28,Churned
2383,2024-11-27,Active
2384,2024-04-22,Churned
2385,2024-11-03,Active
2386,2024-03-14,Churned
2388,2024-08-16,Churned
2389,2024-07-03,Churned
2390,2024-04-14,Churned
2391,2024-10-09,Churned
2392,2024-03-08,Churned
2393,2024-11-24,Active
2394,2024-05-03,Churned
2395,2024-11-06,Active
2396,2024-07-29,Churned
2397,2024-12-29,Active
2398,2024-07-08,Churned
2399,2024-02-06,Churned
2400,2024-12-12,Active
2401,2024-04-06,Churned
2402,2024-08-10,Churned
2403,2023-12-26,Churned
2404,2024-05-03,Churned
2405,2024-12-24,Active
2407,2023-10-23,Churned
2408,2024-08-14,Churned
2410,2024-02-29,Churned
2411,2024-05-31,Churned
2412,2024-10-24,Churned
2413,2024-11-09,Active
2414,2024-11-14,Active
2415,2024-10-30,Churned
2416,2024-11-09,Active
2417,2024-10-28,Churned
2418,2024-12-27,Active
2419,2023-12-22,Churned
2420,2024-12-20,Active
2421,2024-08-05,Churned
2422,2024-10-18,Churned
2423,2024-11-22,Active
2424,2024-10-16,Churned
2425,2023-07-28,Churned
2426,2024-10-04,Churned
2427,2024-01-18,Churned
2428,2023-12-16,Churned
2429,2024-08-21,Churned
2430,2024-08-24,Churned
2431,2024-11-10,Active
2432,2024-08-23,Churned
2433,2024-12-13,Active
2434,2023-02-06,Churned
2435,2024-10-31,Churned
2436,2024-11-21,Active
2437,2024-10-23,Churned
2438,2024-08-31,Churned
2439,2023-11-09,Churned
2440,2024-09-04,Churned
2441,2023-06-15,Churned
2442,2024-05-12,Churned
2443,2024-11-17,Active
2444,2024-03-12,Churned
2445,2024-08-02,Churned
2446,2024-07-31,Churned
2447,2023-06-07,Churned
2448,2024-11-03,Active
2449,2024-12-27,Active
2450,2023-11-08,Churned
2451,2024-07-12,Churned
2452,2024-06-06,Churned
2453,2024-09-08,Churned
2454,2024-12-02,Active
2455,2024-11-18,Active
2456,2024-09-18,Churned
2457,2023-11-19,Churned
2458,2024-08-04,Churned
2459,2024-03-23,Churned
2460,2024-05-23,Churned
2461,2024-02-13,Churned
2462,2024-09-14,Churned
2463,2024-11-09,Active
2464,2024-01-21,Churned
2465,2024-04-17,Churned
2466,2024-10-13,Churned
2467,2024-12-07,Active
2468,2024-08-06,Churned
2469,2024-05-11,Churned
2470,2023-10-16,Churned
2471,2024-08-12,Churned
2473,2024-05-04,Churned
2474,2024-12-31,Active
2476,2024-10-18,Churned
2477,2024-11-01,Active
2478,2024-11-26,Active
2479,2024-04-24,Churned
2480,2024-09-15,Churned
2481,2024-06-02,Churned
2482,2024-05-31,Churned
2483,2023-05-07,Churned
2484,2024-01-18,Churned
2485,2024-05-30,Churned
2486,2024-06-29,Churned
2487,2024-07-27,Churned
2488,2024-12-23,Active
2489,2024-03-28,Churned
2490,2024-11-20,Active
2491,2023-07-31,Churned
2492,2023-06-03,Churned
2493,2024-10-17,Churned
2494,2023-07-19,Churned
2495,2024-09-29,Churned
2496,2024-09-13,Churned
2497,2024-03-19,Churned
2498,2024-11-10,Active
2499,2024-04-06,Churned
2500,2024-02-21,Churned
2501,2024-08-24,Churned
2503,2024-12-30,Active
2504,2024-06-22,Churned
2505,2024-11-30,Active
2506,2024-08-14,Churned
2507,2024-06-22,Churned
2508,2024-05-22,Churned
2509,2024-04-19,Churned
2510,2024-06-12,Churned
2511,2023-09-25,Churned
2512,2023-12-07,Churned
2513,2024-12-13,Active
2514,2024-08-25,Churned
2515,2023-12-06,Churned
2516,2023-04-18,Churned
2517,2024-12-05,Active
2518,2024-03-09,Churned
2519,2024-06-07,Churned
2520,2024-09-26,Churned
2521,2023-09-12,Churned
2522,2024-06-21,Churned
2523,2024-10-24,Churned
2524,2024-04-26,Churned
2525,2024-06-15,Churned
2526,2024-11-23,Active
2527,2024-09-08,Churned
2528,2024-10-02,Churned
2529,2024-06-26,Churned
2530,2024-12-20,Active
2531,2024-03-03,Churned
2532,2023-05-09,Churned
2533,2024-06-04,Churned
2534,2024-06-17,Churned
2535,2024-04-10,Churned
2536,2024-06-03,Churned
2537,2024-10-17,Churned
2538,2024-05-28,Churned
2539,2024-01-30,Churned
2540,2024-05-20,Churned
2542,2024-06-03,Churned
2543,2024-02-26,Churned
2545,2024-08-06,Churned
2546,2024-11-15,Active
2547,2024-04-23,Churned
2548,2023-10-03,Churned
2549,2024-09-05,Churned
2550,2024-01-03,Churned
2551,2023-04-10,Churned
2552,2023-09-07,Churned
2553,2023-12-07,Churned
2554,2023-04-09,Churned
2555,2023-08-08,Churned
2556,2024-07-29,Churned
2557,2024-10-12,Churned
2558,2024-01-14,Churned
2559,2024-04-05,Churned
2560,2024-10-26,Churned
2561,2024-12-12,Active
2562,2024-08-09,Churned
2563,2023-12-31,Churned
2564,2024-12-05,Active
2566,2024-04-15,Churned
2567,2024-11-17,Active
2568,2024-10-06,Churned
2570,2023-08-12,Churned
2571,2023-08-29,Churned
2572,2024-10-24,Churned
2573,2023-01-05,Churned
2574,2023-08-20,Churned
2575,2023-11-22,Churned
2576,2024-12-25,Active
2577,2024-07-31,Churned
2578,2024-01-05,Churned
2579,2024-07-23,Churned
2580,2024-09-27,Churned
2581,2024-02-04,Churned
2582,2024-12-25,Active
2583,2024-12-25,Active
2584,2023-12-04,Churned
2585,2023-07-03,Churned
2586,2024-05-14,Churned
2588,2024-12-29,Active
2589,2024-07-21,Churned
2590,2024-12-31,Active
2591,2024-09-03,Churned
2592,2024-09-30,Churned
2593,2024-12-11,Active
2594,2023-10-05,Churned
2595,2024-05-31,Churned
2596,2024-06-04,Churned
2597,2024-12-28,Active
2598,2024-12-24,Active
2599,2024-07-16,Churned
2600,2024-06-06,Churned
2601,2023-12-11,Churned
2602,2024-10-26,Churned
2603,2024-09-10,Churned
2604,2024-09-22,Churned
2605,2024-12-27,Active
2606,2024-12-02,Active
2607,2024-12-11,Active
2608,2024-09-03,Churned
2610,2024-11-15,Active
2611,2024-12-28,Active
2613,2024-12-07,Active
2614,2024-11-29,Active
2615,2024-08-15,Churned
2616,2023-06-30,Churned
2617,2024-08-11,Churned
2618,2024-10-07,Churned
2619,2024-09-23,Churned
2620,2023-09-24,Churned
2621,2024-12-27,Active
2622,2024-10-16,Churned
2623,2024-07-21,Churned
2624,2024-11-15,Active
2625,2024-01-30,Churned
2626,2024-09-25,Churned
2627,2024-10-26,Churned
2628,2024-12-17,Active
2629,2024-01-11,Churned
2630,2023-11-17,Churned
2631,2024-09-26,Churned
2632,2024-05-06,Churned
2633,2024-03-19,Churned
2634,2024-09-20,Churned
2635,2024-12-14,Active
2636,2023-01-12,Churned
2637,2024-04-17,Churned
2638,2024-12-05,Active
2639,2023-07-25,Churned
2640,2024-09-12,Churned
2641,2024-03-16,Churned
2642,2024-11-06,Active
2643,2024-05-18,Churned
2644,2023-09-22,Churned
2645,2023-08-16,Churned
2646,2024-08-08,Churned
2647,2024-07-29,Churned
2648,2024-07-09,Churned
2649,2024-11-30,Active
2650,2024-01-21,Churned
2652,2023-11-07,Churned
2653,2024-11-23,Active
2654,2023-04-11,Churned
2655,2024-05-12,Churned
2656,2024-09-11,Churned
2657,2023-05-25,Churned
2658,2024-01-01,Churned
2659,2024-12-06,Active
2660,2024-09-06,Churned
2661,2024-05-31,Churned
2662,2024-06-04,Churned
2663,2023-11-28,Churned
2665,2024-11-02,Active
2666,2024-06-07,Churned
2667,2023-11-11,Churned
2668,2023-09-22,Churned
2669,2024-11-29,Active
2670,2023-10-19,Churned
2671,2024-09-29,Churned
2673,2024-05-21,Churned
2674,2023-12-10,Churned
2675,2024-11-29,Active
2676,2024-12-22,Active
2677,2024-06-05,Churned
2678,2024-08-14,Churned
2679,2024-04-30,Churned
2680,2024-04-19,Churned
2681,2024-12-25,Active
2682,2023-12-11,Churned
2683,2024-07-23,Churned
2684,2024-11-06,Active
2685,2024-08-14,Churned
2686,2024-11-28,Active
2687,2024-01-27,Churned
2688,2024-09-22,Churned
2689,2024-01-14,Churned
2690,2023-08-15,Churned
2691,2024-11-25,Active
2692,2024-02-16,Churned
2693,2023-11-19,Churned
2694,2024-10-05,Churned
2695,2024-04-29,Churned
2696,2024-10-03,Churned
2697,2024-12-29,Active
2698,2024-11-01,Active
2699,2024-06-11,Churned
2701,2024-05-21,Churned
2702,2024-12-30,Active
2703,2023-08-11,Churned
2704,2024-08-30,Churned
2705,2024-04-01,Churned
2706,2024-10-15,Churned
2707,2023-12-20,Churned
2708,2024-08-10,Churned
2709,2023-07-30,Churned
2710,2024-06-05,Churned
2712,2024-03-22,Churned
2713,2024-03-10,Churned
2714,2024-01-05,Churned
2715,2024-12-27,Active
2716,2024-12-04,Active
2717,2023-07-29,Churned
2718,2024-06-07,Churned
2719,2024-11-25,Active
2720,2024-08-10,Churned
2721,2023-10-12,Churned
2722,2024-11-18,Active
2723,2024-05-19,Churned
2724,2024-10-18,Churned
2725,2023-06-28,Churned
2726,2024-01-18,Churned
2727,2024-07-11,Churned
2728,2024-12-03,Active
2729,2024-12-08,Active
2730,2024-10-18,Churned
2732,2023-08-26,Churned
2733,2024-02-02,Churned
2734,2024-04-03,Churned
2735,2023-10-18,Churned
2736,2024-03-23,Churned
2737,2024-10-16,Churned
2738,2024-06-29,Churned
2739,2023-08-13,Churned
2740,2024-06-16,Churned
2741,2024-11-03,Active
2742,2024-10-12,Churned
2743,2024-10-23,Churned
2744,2023-09-01,Churned
2746,2024-06-30,Churned
2747,2024-08-15,Churned
2748,2023-09-23,Churned
2749,2024-11-22,Active
2751,2024-12-20,Active
2753,2023-11-05,Churned
2754,2024-11-22,Active
2755,2024-08-08,Churned
2756,2023-07-28,Churned
2757,2023-11-05,Churned
2758,2024-07-24,Churned
2759,2024-09-12,Churned
2760,2024-10-13,Churned
2761,2024-01-22,Churned
2762,2024-04-22,Churned
2763,2024-10-20,Churned
2764,2024-10-27,Churned
2765,2024-12-29,Active
2766,2024-06-16,Churned
2767,2024-02-16,Churned
2768,2024-12-14,Active
2769,2024-05-12,Churned
2770,2023-07-03,Churned
2771,2024-03-02,Churned
2772,2024-12-01,Active
2773,2024-07-18,Churned
2774,2024-10-25,Churned
2775,2023-10-03,Churned
2776,2024-03-20,Churned
2777,2024-04-19,Churned
2778,2024-10-18,Churned
2780,2024-09-25,Churned
2781,2024-09-04,Churned
2782,2024-05-15,Churned
2783,2024-09-06,Churned
2784,2024-09-10,Churned
2785,2023-07-20,Churned
2786,2023-08-01,Churned
2787,2024-12-03,Active
2788,2023-08-23,Churned
2789,2023-11-01,Churned
2790,2024-10-15,Churned
2791,2024-12-19,Active
2792,2024-08-26,Churned
2793,2023-08-04,Churned
2794,2023-01-04,Churned
2795,2024-06-06,Churned
2796,2024-05-21,Churned
2797,2023-03-29,Churned
2798,2023-09-11,Churned
2800,2024-07-07,Churned
2801,2023-09-10,Churned
2802,2023-11-20,Churned
2803,2024-04-20,Churned
2804,2024-10-23,Churned
2805,2024-02-25,Churned
2806,2024-05-21,Churned
2808,2024-03-25,Churned
2809,2023-11-24,Churned
2810,2023-07-01,Churned
2811,2024-04-30,Churned
2814,2024-05-06,Churned
2815,2023-12-17,Churned
2816,2024-11-20,Active
2817,2023-08-15,Churned
2818,2024-07-21,Churned
2819,2023-05-26,Churned
2820,2024-12-25,Active
2821,2024-10-22,Churned
2822,2024-04-12,Churned
2823,2024-03-01,Churned
2824,2023-09-24,Churned
2825,2024-11-24,Active
2826,2024-09-10,Churned
2827,2024-04-26,Churned
2828,2024-04-23,Churned
2829,2024-11-05,Active
2830,2024-11-24,Active
2831,2023-05-15,Churned
2832,2024-02-11,Churned
2833,2023-12-26,Churned
2834,2024-10-29,Churned
2836,2023-11-04,Churned
2837,2023-09-28,Churned
2838,2024-11-08,Active
2839,2024-11-19,Active
2841,2024-10-09,Churned
2842,2024-11-13,Active
2843,2024-10-31,Churned
2845,2023-10-28,Churned
2846,2024-02-15,Churned
2847,2024-12-24,Active
2848,2024-08-09,Churned
2850,2024-12-26,Active
2851,2024-01-26,Churned
2852,2024-08-28,Churned
2854,2024-10-29,Churned
2855,2024-02-21,Churned
2857,2024-08-02,Churned
2858,2024-03-29,Churned
2859,2023-12-26,Churned
2860,2023-12-20,Churned
2861,2024-10-25,Churned
2862,2024-06-27,Churned
2863,2023-12-29,Churned
2864,2024-05-03,Churned
2865,2024-11-02,Active
2866,2024-11-08,Active
2867,2023-12-08,Churned
2868,2024-03-21,Churned
2869,2024-09-24,Churned
2870,2024-09-26,Churned
2871,2024-11-16,Active
2872,2024-11-17,Active
2873,2024-12-10,Active
2874,2024-06-04,Churned
2875,2024-11-17,Active
2876,2024-08-28,Churned
2877,2023-06-27,Churned
2878,2023-12-21,Churned
2879,2024-12-24,Active
2880,2024-09-04,Churned
2881,2024-12-24,Active
2882,2024-05-19,Churned
2883,2023-08-01,Churned
2884,2024-03-30,Churned
2885,2024-08-20,Churned
2886,2023-09-02,Churned
2887,2024-10-16,Churned
2888,2024-10-24,Churned
2889,2024-08-23,Churned
2890,2024-09-01,Churned
2891,2024-02-11,Churned
2892,2024-10-30,Churned
2893,2024-12-29,Active
2894,2024-12-16,Active
2895,2024-10-07,Churned
2896,2023-11-21,Churned
2897,2023-09-23,Churned
2898,2024-07-15,Churned
2899,2024-12-05,Active
2900,2023-06-07,Churned
2901,2024-11-15,Active
2902,2024-07-03,Churned
2903,2024-04-17,Churned
2904,2024-09-28,Churned
2905,2024-09-04,Churned
2906,2024-07-08,Churned
2907,2024-09-16,Churned
2908,2024-07-02,Churned
2909,2024-04-15,Churned
2910,2024-12-27,Active
2911,2023-11-15,Churned
2912,2024-04-22,Churned
2913,2024-09-10,Churned
2914,2024-10-28,Churned
2915,2024-09-26,Churned
2916,2024-12-22,Active
2917,2024-07-31,Churned
2918,2024-09-14,Churned
2920,2024-03-01,Churned
2921,2024-06-27,Churned
2922,2024-09-29,Churned
2923,2024-07-27,Churned
2924,2023-08-01,Churned
2925,2024-10-22,Churned
2926,2024-07-23,Churned
2927,2024-10-24,Churned
2928,2024-02-19,Churned
2929,2024-11-27,Active
2930,2024-06-24,Churned
2931,2024-11-23,Active
2932,2024-05-08,Churned
2933,2024-02-12,Churned
2934,2024-11-27,Active
2936,2023-06-28,Churned
2937,2023-07-09,Churned
2938,2024-02-22,Churned
2939,2024-11-02,Active
2940,2024-01-22,Churned
2941,2024-09-06,Churned
2942,2024-12-02,Active
2944,2024-03-25,Churned
2945,2024-08-16,Churned
2946,2024-03-08,Churned
2947,2024-09-02,Churned
2948,2024-07-28,Churned
2949,2024-10-23,Churned
2950,2024-07-31,Churned
2951,2023-12-20,Churned
2952,2024-08-25,Churned
2953,2024-04-29,Churned
2954,2024-12-10,Active
2955,2024-06-07,Churned
2956,2024-01-13,Churned
2957,2024-05-16,Churned
2958,2024-04-25,Churned
2959,2024-04-29,Churned
2960,2024-04-22,Churned
2961,2024-07-17,Churned
2962,2024-06-20,Churned
2963,2024-09-07,Churned
2964,2024-03-12,Churned
2965,2024-07-03,Churned
2966,2023-10-10,Churned
2967,2024-08-04,Churned
2968,2024-04-22,Churned
2969,2024-10-14,Churned
2971,2024-12-29,Active
2972,2023-10-05,Churned
2973,2023-07-27,Churned
2974,2024-03-18,Churned
2975,2024-08-12,Churned
2976,2023-12-30,Churned
2977,2024-06-04,Churned
2978,2023-03-18,Churned
2979,2024-12-05,Active
2980,2024-02-15,Churned
2981,2024-12-11,Active
2982,2024-08-23,Churned
2983,2024-04-30,Churned
2984,2023-10-24,Churned
2985,2024-12-19,Active
2986,2024-07-04,Churned
2987,2023-12-22,Churned
2988,2024-02-23,Churned
2989,2023-10-16,Churned
2990,2024-10-28,Churned
2991,2024-05-14,Churned
2992,2024-10-28,Churned
2993,2024-03-31,Churned
2994,2024-06-13,Churned
2995,2024-06-06,Churned
2996,2024-10-13,Churned
2997,2024-09-17,Churned
2998,2024-12-23,Active
2999,2024-08-13,Churned
3000,2024-11-05,Active
3001,2024-11-22,Active
3003,2024-03-30,Churned
3004,2024-12-27,Active
3005,2023-08-07,Churned
3006,2023-01-30,Churned
3007,2024-11-18,Active
3008,2024-02-21,Churned
3009,2024-09-19,Churned
3010,2024-10-12,Churned
3011,2024-07-29,Churned
3012,2024-06-14,Churned
3013,2024-02-19,Churned
3014,2024-05-23,Churned
3015,2023-10-15,Churned
3016,2024-07-23,Churned
3017,2024-02-11,Churned
3018,2024-04-09,Churned
3019,2023-09-15,Churned
3020,2024-05-03,Churned
3021,2023-01-30,Churned
3022,2024-08-11,Churned
3023,2024-06-09,Churned
3024,2024-10-31,Churned
3025,2023-01-02,Churned
3026,2023-08-11,Churned
3027,2024-12-31,Active
3028,2024-08-26,Churned
3029,2024-09-04,Churned
3030,2024-12-25,Active
3031,2024-04-03,Churned
3032,2023-10-29,Churned
3033,2023-08-26,Churned
3034,2024-12-23,Active
3035,2024-07-03,Churned
3036,2024-10-25,Churned
3037,2024-11-29,Active
3038,2024-09-15,Churned
3039,2024-08-23,Churned
3040,2024-11-24,Active
3041,2024-05-16,Churned
3042,2024-01-16,Churned
3043,2024-05-29,Churned
3044,2024-07-28,Churned
3045,2023-08-24,Churned
3046,2024-12-22,Active
3047,2024-10-12,Churned
3048,2024-11-09,Active
3049,2023-07-22,Churned
3050,2023-05-06,Churned
3051,2023-11-19,Churned
3052,2023-11-29,Churned
3053,2024-12-17,Active
3054,2023-11-26,Churned
3055,2024-04-01,Churned
3056,2024-12-08,Active
3057,2024-09-22,Churned
3058,2024-12-17,Active
3059,2024-03-05,Churned
3061,2024-09-13,Churned
3062,2024-11-26,Active
3063,2024-02-01,Churned
3064,2024-07-08,Churned
3065,2024-08-13,Churned
3066,2024-06-05,Churned
3067,2024-07-26,Churned
3068,2024-11-07,Active
3069,2024-07-11,Churned
3070,2024-08-06,Churned
3071,2024-12-14,Active
3072,2024-05-31,Churned
3073,2024-12-04,Active
3074,2024-05-01,Churned
3075,2024-07-31,Churned
3076,2024-06-17,Churned
3077,2024-05-01,Churned
3078,2024-12-16,Active
3079,2023-11-23,Churned
3080,2024-12-06,Active
3081,2024-08-17,Churned
3082,2024-08-03,Churned
3083,2024-10-26,Churned
3084,2023-02-02,Churned
3085,2024-12-15,Active
3086,2024-06-20,Churned
3087,2024-07-05,Churned
3088,2024-08-28,Churned
3089,2024-04-26,Churned
3090,2024-03-06,Churned
3091,2024-09-06,Churned
3092,2024-07-24,Churned
3093,2024-09-28,Churned
3094,2024-07-24,Churned
3095,2024-05-06,Churned
3096,2024-08-20,Churned
3097,2024-11-10,Active
3098,2024-09-10,Churned
3099,2024-03-07,Churned
3100,2023-11-01,Churned
3101,2023-01-21,Churned
3102,2024-08-17,Churned
3103,2024-11-08,Active
3105,2024-02-08,Churned
3106,2023-03-28,Churned
3107,2024-12-19,Active
3108,2024-06-18,Churned
3109,2024-10-22,Churned
3110,2023-02-21,Churned
3111,2024-09-04,Churned
3112,2024-07-21,Churned
3113,2024-07-28,Churned
3114,2024-10-06,Churned
3115,2024-09-21,Churned
3117,2024-04-16,Churned
3118,2024-06-06,Churned
3119,2023-10-16,Churned
3120,2024-09-24,Churned
3121,2023-08-30,Churned
3122,2023-07-26,Churned
3123,2024-08-20,Churned
3124,2024-07-26,Churned
3125,2024-02-26,Churned
3126,2024-06-23,Churned
3127,2024-07-11,Churned
3128,2023-07-19,Churned
3129,2024-09-09,Churned
3130,2024-04-09,Churned
3132,2024-12-09,Active
3133,2024-02-12,Churned
3134,2024-10-19,Churned
3135,2024-03-22,Churned
3137,2024-01-18,Churned
3139,2023-09-04,Churned
3140,2023-12-21,Churned
3141,2024-11-29,Active
3142,2024-08-28,Churned
3143,2024-08-19,Churned
3144,2023-12-27,Churned
3145,2024-10-25,Churned
3146,2024-10-03,Churned
3147,2023-02-14,Churned
3148,2024-12-21,Active
3149,2024-11-19,Active
3150,2024-09-22,Churned
3151,2024-01-21,Churned
3152,2024-12-12,Active
3153,2024-07-31,Churned
3155,2024-08-10,Churned
3156,2024-02-01,Churned
3157,2024-06-02,Churned
3158,2024-12-01,Active
3159,2024-11-11,Active
3160,2024-07-29,Churned
3161,2024-09-29,Churned
3162,2024-10-31,Churned
3163,2024-02-21,Churned
3164,2023-11-01,Churned
3165,2024-08-07,Churned
3166,2024-10-25,Churned
3167,2024-12-16,Active
3168,2024-04-14,Churned
3169,2023-11-02,Churned
3170,2024-11-15,Active
3171,2024-12-18,Active
3172,2024-12-20,Active
3173,2024-11-04,Active
3175,2024-12-31,Active
3176,2024-02-10,Churned
3177,2024-08-11,Churned
3178,2024-03-02,Churned
3180,2023-07-27,Churned
3181,2023-07-23,Churned
3182,2024-01-04,Churned
3184,2024-11-02,Active
3185,2024-02-08,Churned
3186,2024-06-15,Churned
3187,2024-12-12,Active
3188,2024-08-03,Churned
3189,2024-03-30,Churned
3190,2023-12-24,Churned
3191,2023-09-12,Churned
3192,2023-12-27,Churned
3193,2024-04-13,Churned
3194,2024-06-12,Churned
3195,2023-10-10,Churned
3196,2024-03-11,Churned
3197,2024-03-22,Churned
3198,2024-12-27,Active
3199,2023-06-07,Churned
3200,2023-12-21,Churned
3201,2024-12-01,Active
3202,2024-05-18,Churned
3203,2024-06-20,Churned
3204,2024-06-02,Churned
3205,2023-05-18,Churned
3206,2024-11-20,Active
3207,2024-10-24,Churned
3208,2024-11-12,Active
3209,2024-12-21,Active
3210,2023-05-28,Churned
3211,2023-04-16,Churned
3212,2024-11-20,Active
3213,2024-12-11,Active
3214,2024-11-13,Active
3215,2024-05-30,Churned
3216,2024-04-26,Churned
3217,2024-12-08,Active
3219,2023-09-18,Churned
3221,2024-05-21,Churned
3222,2024-01-26,Churned
3223,2024-05-04,Churned
3224,2023-12-23,Churned
3225,2024-08-04,Churned
3226,2023-12-02,Churned
3227,2024-11-15,Active
3228,2024-10-30,Churned
3229,2024-10-21,Churned
3230,2024-12-31,Active
3231,2024-09-20,Churned
3232,2024-12-14,Active
3233,2023-09-06,Churned
3234,2024-02-09,Churned
3235,2024-03-02,Churned
3236,2024-12-30,Active
3237,2024-12-13,Active
3238,2024-02-03,Churned
3239,2024-10-12,Churned
3240,2023-12-09,Churned
3241,2024-04-16,Churned
3242,2024-12-29,Active
3243,2024-11-20,Active
3244,2023-05-05,Churned
3245,2023-07-04,Churned
3246,2023-06-24,Churned
3247,2024-04-15,Churned
3248,2024-08-22,Churned
3249,2023-10-15,Churned
3250,2024-03-14,Churned
3251,2024-08-23,Churned
3252,2024-10-18,Churned
3253,2024-08-29,Churned
3254,2024-09-14,Churned
3255,2024-01-27,Churned
3256,2024-10-15,Churned
3257,2023-06-14,Churned
3259,2024-06-19,Churned
3260,2024-09-01,Churned
3261,2024-11-23,Active
3262,2024-07-26,Churned
3263,2024-12-25,Active
3264,2024-02-16,Churned
3265,2024-03-28,Churned
3266,2024-09-19,Churned
3267,2024-02-18,Churned
3269,2023-09-25,Churned
3270,2023-12-28,Churned
3271,2024-03-20,Churned
3272,2024-11-02,Active
3273,2024-03-22,Churned
3274,2023-03-23,Churned
3275,2024-11-08,Active
3276,2024-12-10,Active
3277,2024-08-07,Churned
3278,2024-01-01,Churned
3279,2024-08-18,Churned
3280,2024-10-11,Churned
3281,2024-11-18,Active
3282,2023-08-03,Churned
3283,2024-12-16,Active
3284,2023-06-07,Churned
3285,2024-11-17,Active
3286,2023-09-21,Churned
3287,2023-11-13,Churned
3289,2024-11-10,Active
3290,2024-08-17,Churned
3291,2024-03-09,Churned
3292,2024-07-04,Churned
3293,2024-12-11,Active
3294,2024-01-20,Churned
3295,2024-06-13,Churned
3296,2024-10-28,Churned
3297,2024-10-31,Churned
3298,2024-10-21,Churned
3299,2024-11-30,Active
3300,2024-05-24,Churned
3301,2024-12-10,Active
3302,2024-11-29,Active
3303,2024-11-11,Active
3304,2024-07-12,Churned
3305,2023-04-28,Churned
3306,2024-05-20,Churned
3307,2023-09-01,Churned
3308,2024-09-04,Churned
3309,2024-12-24,Active
3310,2024-05-31,Churned
3311,2024-12-18,Active
3312,2024-12-02,Active
3313,2023-10-11,Churned
3314,2024-10-01,Churned
3315,2023-08-30,Churned
3316,2024-12-18,Active
3317,2023-06-16,Churned
3318,2023-07-31,Churned
3319,2024-10-02,Churned
3320,2024-10-10,Churned
3321,2024-06-17,Churned
3322,2024-10-12,Churned
3323,2024-10-29,Churned
3324,2024-06-11,Churned
3325,2024-09-22,Churned
3326,2024-12-08,Active
3327,2024-09-29,Churned
3328,2024-12-01,Active
3329,2024-01-06,Churned
3331,2024-11-22,Active
3332,2023-07-19,Churned
3333,2024-02-25,Churned
3334,2023-11-06,Churned
3335,2024-12-11,Active
3336,2024-12-26,Active
3337,2024-04-12,Churned
3338,2024-07-30,Churned
3339,2023-11-28,Churned
3340,2024-11-08,Active
3341,2024-09-17,Churned
3342,2024-08-28,Churned
3343,2023-12-16,Churned
3344,2023-09-21,Churned
3345,2023-11-23,Churned
3346,2023-10-07,Churned
3347,2024-10-19,Churned
3348,2024-09-08,Churned
3349,2024-12-19,Active
3350,2024-03-12,Churned
3351,2023-07-05,Churned
3352,2024-07-09,Churned
3353,2023-10-19,Churned
3354,2024-05-24,Churned
3355,2024-07-11,Churned
3356,2024-12-09,Active
3357,2024-12-17,Active
3358,2024-04-29,Churned
3359,2024-10-19,Churned
3360,2023-12-17,Churned
3361,2024-12-10,Active
3362,2024-06-16,Churned
3363,2024-10-15,Churned
3364,2024-08-06,Churned
3365,2024-12-18,Active
3366,2024-04-18,Churned
3367,2023-06-24,Churned
3368,2023-11-11,Churned
3369,2023-03-13,Churned
3370,2024-07-12,Churned
3371,2023-09-11,Churned
3372,2024-11-13,Active
3373,2024-01-24,Churned
3374,2024-03-07,Churned
3375,2024-05-18,Churned
3376,2023-03-05,Churned
3377,2024-09-28,Churned
3379,2024-10-03,Churned
3380,2024-10-27,Churned
3381,2023-04-23,Churned
3382,2024-12-13,Active
3383,2023-11-23,Churned
3385,2024-10-24,Churned
3386,2024-03-22,Churned
3387,2024-08-06,Churned
3388,2024-10-24,Churned
3389,2023-03-17,Churned
3390,2024-11-05,Active
3391,2024-11-11,Active
3392,2024-07-08,Churned
3393,2024-11-02,Active
3394,2024-07-09,Churned
3396,2024-09-11,Churned
3397,2024-01-30,Churned
3398,2023-10-13,Churned
3399,2024-03-05,Churned
3400,2024-08-30,Churned
3401,2024-12-11,Active
3402,2023-10-31,Churned
3403,2024-12-28,Active
3404,2023-10-31,Churned
3405,2024-05-20,Churned
3406,2023-12-30,Churned
3407,2024-07-15,Churned
3408,2023-10-27,Churned
3409,2023-12-17,Churned
3410,2024-05-03,Churned
3411,2023-05-07,Churned
3412,2024-07-24,Churned
3413,2023-04-04,Churned
3414,2024-08-02,Churned
3415,2024-01-25,Churned
3416,2024-10-19,Churned
3417,2024-08-26,Churned
3418,2024-10-18,Churned
3419,2024-06-13,Churned
3420,2024-04-27,Churned
3421,2023-05-30,Churned
3422,2024-08-09,Churned
3423,2024-08-24,Churned
3424,2024-04-13,Churned
3425,2024-08-06,Churned
3426,2024-09-07,Churned
3427,2024-11-08,Active
3428,2023-04-23,Churned
3429,2024-08-16,Churned
3430,2024-10-03,Churned
3431,2024-12-13,Active
3432,2024-08-30,Churned
3433,2024-11-13,Active
3434,2024-11-10,Active
3435,2024-11-29,Active
3436,2024-09-24,Churned
3437,2024-09-24,Churned
3438,2024-12-14,Active
3439,2024-04-15,Churned
3440,2024-10-07,Churned
3441,2024-08-05,Churned
3442,2024-11-03,Active
3443,2023-09-23,Churned
3444,2023-10-06,Churned
3445,2024-09-17,Churned
3446,2024-10-05,Churned
3447,2024-01-28,Churned
3448,2024-11-17,Active
3449,2024-06-25,Churned
3450,2024-08-18,Churned
3451,2023-06-23,Churned
3452,2024-11-23,Active
3453,2024-07-05,Churned
3454,2023-10-26,Churned
3455,2024-10-07,Churned
3456,2024-07-29,Churned
3457,2024-08-13,Churned
3458,2024-03-09,Churned
3459,2024-07-12,Churned
3460,2023-07-19,Churned
3461,2023-05-17,Churned
3462,2024-07-10,Churned
3463,2024-07-12,Churned
3464,2024-01-20,Churned
3465,2024-08-27,Churned
3466,2024-12-23,Active
3467,2024-03-03,Churned
3468,2024-08-02,Churned
3469,2024-09-19,Churned
3470,2024-07-31,Churned
3471,2024-06-13,Churned
3472,2024-12-18,Active
3475,2024-07-15,Churned
3476,2024-05-01,Churned
3477,2024-12-24,Active
3478,2024-12-15,Active
3479,2024-05-12,Churned
3480,2024-09-25,Churned
3481,2024-09-07,Churned
3482,2024-12-29,Active
3483,2023-04-07,Churned
3484,2024-10-23,Churned
3485,2023-10-31,Churned
3486,2024-09-30,Churned
3487,2023-12-02,Churned
3488,2024-07-13,Churned
3489,2024-11-21,Active
3490,2024-05-26,Churned
3491,2024-03-27,Churned
3492,2024-06-10,Churned
3493,2024-10-12,Churned
3494,2024-12-13,Active
3495,2023-08-14,Churned
3496,2024-04-20,Churned
3497,2024-08-22,Churned
3498,2024-12-06,Active
3499,2024-08-27,Churned
3500,2024-10-19,Churned
3501,2024-06-17,Churned
3502,2023-11-25,Churned
3503,2024-06-11,Churned
3504,2023-06-11,Churned
3505,2024-02-07,Churned
3506,2023-10-02,Churned
3507,2024-10-24,Churned
3508,2024-05-28,Churned
3509,2023-04-03,Churned
3510,2024-10-21,Churned
3511,2024-12-07,Active
3512,2024-12-24,Active
3513,2024-02-18,Churned
3514,2024-11-21,Active
3515,2024-04-29,Churned
3516,2024-09-01,Churned
3517,2024-10-09,Churned
3518,2024-12-16,Active
3519,2024-11-26,Active
3520,2024-03-02,Churned
3521,2023-05-14,Churned
3522,2024-10-21,Churned
3523,2024-10-07,Churned
3524,2024-12-02,Active
3525,2024-12-30,Active
3526,2024-12-18,Active
3527,2024-09-04,Churned
3528,2024-12-03,Active
3529,2024-10-13,Churned
3530,2024-06-06,Churned
3531,2024-11-17,Active
3532,2024-12-03,Active
3533,2024-12-12,Active
3534,2024-10-24,Churned
3535,2023-03-21,Churned
3536,2024-10-24,Churned
3537,2024-04-27,Churned
3538,2024-10-28,Churned
3539,2024-02-18,Churned
3540,2024-02-12,Churned
3541,2024-12-14,Active
3542,2024-05-19,Churned
3543,2024-12-16,Active
3544,2023-07-21,Churned
3545,2024-01-21,Churned
3546,2024-09-11,Churned
3547,2024-09-05,Churned
3548,2024-11-15,Active
3549,2024-07-16,Churned
3550,2024-12-22,Active
3551,2024-09-29,Churned
3552,2024-06-03,Churned
3553,2024-02-10,Churned
3554,2024-08-21,Churned
3555,2024-02-26,Churned
3556,2024-05-05,Churned
3557,2024-05-16,Churned
3558,2024-04-20,Churned
3559,2024-11-27,Active
3560,2024-10-09,Churned
3561,2024-12-09,Active
3562,2024-06-19,Churned
3563,2023-12-18,Churned
3564,2024-11-08,Active
3565,2024-11-05,Active
3566,2023-12-15,Churned
3567,2024-05-31,Churned
3568,2024-09-27,Churned
3569,2024-11-20,Active
3570,2024-05-19,Churned
3571,2024-05-28,Churned
3572,2024-10-24,Churned
3573,2024-08-28,Churned
3574,2023-07-23,Churned
3575,2024-10-09,Churned
3576,2024-11-10,Active
3577,2024-11-01,Active
3578,2024-09-03,Churned
3579,2024-01-30,Churned
3580,2024-04-11,Churned
3581,2024-09-30,Churned
3583,2023-07-23,Churned
3585,2023-03-31,Churned
3586,2024-06-08,Churned
3587,2024-01-23,Churned
3588,2024-10-11,Churned
3590,2023-08-15,Churned
3591,2024-09-29,Churned
3592,2023-10-26,Churned
3593,2023-12-14,Churned
3594,2023-11-15,Churned
3595,2024-12-26,Active
3596,2024-03-22,Churned
3597,2024-06-10,Churned
3598,2024-10-29,Churned
3599,2024-04-24,Churned
3600,2024-06-16,Churned
3601,2023-12-15,Churned
3602,2023-02-26,Churned
3603,2024-10-30,Churned
3604,2024-04-23,Churned
3606,2024-03-05,Churned
3607,2024-03-13,Churned
3608,2024-07-09,Churned
3609,2024-09-14,Churned
3610,2024-09-02,Churned
3611,2024-05-12,Churned
3612,2024-03-21,Churned
3613,2024-12-05,Active
3614,2024-12-06,Active
3615,2024-05-11,Churned
3616,2024-12-02,Active
3617,2024-09-07,Churned
3618,2024-11-23,Active
3619,2023-02-04,Churned
3620,2024-02-03,Churned
3621,2024-09-10,Churned
3622,2024-10-07,Churned
3623,2024-12-15,Active
3624,2024-11-02,Active
3625,2024-10-25,Churned
3626,2024-10-10,Churned
3627,2024-10-27,Churned
3628,2024-11-12,Active
3629,2024-11-03,Active
3630,2024-06-23,Churned
3631,2024-09-08,Churned
3632,2024-09-23,Churned
3633,2024-09-25,Churned
3634,2023-11-10,Churned
3635,2024-04-09,Churned
3637,2024-12-18,Active
3638,2024-07-20,Churned
3639,2024-02-10,Churned
3640,2024-06-27,Churned
3641,2024-04-23,Churned
3642,2023-12-01,Churned
3643,2024-03-29,Churned
3644,2024-03-28,Churned
3645,2024-12-24,Active
3646,2024-05-08,Churned
3647,2024-11-22,Active
3648,2024-06-23,Churned
3649,2024-12-02,Active
3650,2024-07-02,Churned
3651,2024-06-01,Churned
3652,2024-09-15,Churned
3654,2024-12-08,Active
3655,2024-11-06,Active
3656,2024-12-19,Active
3658,2024-06-09,Churned
3659,2024-07-10,Churned
3660,2023-11-28,Churned
3661,2023-12-07,Churned
3662,2024-12-27,Active
3663,2024-11-27,Active
3664,2024-03-20,Churned
3665,2024-11-30,Active
3666,2024-07-02,Churned
3667,2024-10-22,Churned
3669,2023-11-10,Churned
3670,2024-08-27,Churned
3671,2024-12-29,Active
3672,2024-05-04,Churned
3673,2023-07-23,Churned
3674,2024-02-06,Churned
3675,2024-12-29,Active
3676,2024-12-13,Active
3677,2024-10-29,Churned
3678,2024-10-12,Churned
3679,2024-07-14,Churned
3680,2024-07-06,Churned
3681,2024-09-14,Churned
3682,2024-07-11,Churned
3683,2024-07-19,Churned
3684,2024-08-10,Churned
3686,2024-03-22,Churned
3687,2024-10-27,Churned
3688,2024-05-27,Churned
3689,2023-07-12,Churned
3690,2024-09-10,Churned
3691,2024-08-25,Churned
3693,2024-01-12,Churned
3694,2024-12-21,Active
3695,2024-11-28,Active
3696,2024-09-17,Churned
3697,2024-12-08,Active
3698,2024-06-24,Churned
3699,2024-11-10,Active
3700,2023-12-05,Churned
3701,2023-10-26,Churned
3702,2024-01-16,Churned
3703,2024-12-03,Active
3704,2024-11-02,Active
3705,2024-11-02,Active
3706,2024-12-31,Active
3707,2024-05-17,Churned
3708,2024-09-29,Churned
3709,2024-01-24,Churned
3710,2024-04-27,Churned
3711,2024-11-08,Active
3712,2024-11-17,Active
3713,2024-12-13,Active
3714,2023-09-01,Churned
3715,2024-01-16,Churned
3716,2024-10-08,Churned
3717,2023-12-25,Churned
3718,2023-04-15,Churned
3719,2024-09-25,Churned
3720,2024-05-06,Churned
3721,2024-12-05,Active
3722,2023-08-03,Churned
3723,2024-06-27,Churned
3724,2024-09-05,Churned
3725,2024-12-18,Active
3726,2024-08-19,Churned
3727,2024-11-21,Active
3728,2024-09-13,Churned
3729,2024-02-12,Churned
3730,2024-03-20,Churned
3731,2024-12-18,Active
3732,2024-11-02,Active
3733,2024-08-14,Churned
3734,2024-09-10,Churned
3735,2023-01-26,Churned
3736,2024-12-24,Active
3737,2024-02-15,Churned
3738,2024-11-15,Active
3739,2024-05-25,Churned
3740,2024-11-03,Active
3741,2024-09-14,Churned
3742,2024-03-09,Churned
3743,2024-12-03,Active
3744,2024-11-23,Active
3745,2024-09-24,Churned
3746,2024-02-01,Churned
3748,2024-03-30,Churned
3749,2023-10-01,Churned
3750,2024-09-27,Churned
3751,2024-07-01,Churned
3752,2024-07-09,Churned
3753,2024-02-07,Churned
3754,2024-06-01,Churned
3755,2024-08-04,Churned
3756,2024-11-04,Active
3757,2024-11-13,Active
3758,2024-09-17,Churned
3760,2023-07-27,Churned
3761,2024-04-24,Churned
3762,2024-11-27,Active
3763,2024-04-04,Churned
3764,2024-10-02,Churned
3765,2023-12-04,Churned
3766,2024-08-26,Churned
3767,2024-05-05,Churned
3768,2024-10-03,Churned
3769,2024-12-15,Active
3770,2024-05-11,Churned
3771,2024-09-20,Churned
3772,2024-06-14,Churned
3773,2023-11-09,Churned
3774,2024-09-05,Churned
3775,2024-07-29,Churned
3776,2024-04-23,Churned
3777,2024-05-06,Churned
3778,2024-03-24,Churned
3779,2023-11-28,Churned
3780,2024-08-23,Churned
3781,2023-11-11,Churned
3782,2024-02-05,Churned
3783,2024-10-26,Churned
3784,2024-04-08,Churned
3785,2023-11-04,Churned
3786,2024-07-21,Churned
3787,2024-12-27,Active
3788,2023-12-03,Churned
3789,2024-05-05,Churned
3790,2024-12-07,Active
3791,2024-05-22,Churned
3792,2024-12-02,Active
3793,2024-09-24,Churned
3794,2024-08-05,Churned
3795,2024-12-01,Active
3796,2024-04-25,Churned
3797,2024-09-02,Churned
3798,2024-02-07,Churned
3799,2024-10-10,Churned
3800,2023-08-03,Churned
3801,2024-12-06,Active
3802,2024-07-28,Churned
3803,2024-10-13,Churned
3804,2023-02-18,Churned
3805,2024-04-10,Churned
3806,2024-12-02,Active
3807,2023-09-09,Churned
3808,2024-11-24,Active
3809,2024-10-07,Churned
3810,2024-08-24,Churned
3811,2024-02-19,Churned
3812,2024-12-25,Active
3813,2023-12-05,Churned
3814,2024-12-03,Active
3815,2024-10-17,Churned
3816,2024-03-10,Churned
3817,2024-04-02,Churned
3818,2024-10-29,Churned
3819,2024-06-19,Churned
3820,2024-12-25,Active
3821,2023-08-16,Churned
3822,2024-07-31,Churned
3823,2024-01-06,Churned
3824,2024-12-15,Active
3825,2024-10-20,Churned
3826,2024-07-26,Churned
3827,2024-10-08,Churned
3828,2024-05-19,Churned
3829,2024-11-03,Active
3830,2024-05-06,Churned
3831,2024-12-21,Active
3832,2024-06-01,Churned
3833,2024-12-16,Active
3834,2024-03-17,Churned
3835,2024-05-26,Churned
3836,2024-11-15,Active
3838,2024-05-22,Churned
3839,2024-12-04,Active
3841,2023-03-24,Churned
3842,2024-04-20,Churned
3843,2023-08-17,Churned
3844,2024-11-12,Active
3845,2024-12-09,Active
3846,2024-05-30,Churned
3847,2024-07-20,Churned
3848,2024-04-19,Churned
3849,2024-12-27,Active
3850,2024-09-28,Churned
3851,2023-12-22,Churned
3852,2024-09-08,Churned
3853,2024-12-28,Active
3854,2024-07-23,Churned
3855,2023-12-27,Churned
3856,2024-07-23,Churned
3857,2024-01-07,Churned
3858,2024-08-05,Churned
3859,2024-08-30,Churned
3860,2024-05-07,Churned
3861,2024-10-31,Churned
3862,2023-01-30,Churned
3863,2023-11-21,Churned
3864,2024-06-06,Churned
3865,2024-05-23,Churned
3866,2024-06-15,Churned
3867,2024-06-26,Churned
3868,2024-11-08,Active
3869,2024-08-01,Churned
3870,2024-11-08,Active
3871,2024-11-08,Active
3872,2024-05-02,Churned
3873,2023-08-15,Churned
3874,2024-12-16,Active
3875,2023-02-02,Churned
3876,2024-12-25,Active
3877,2024-11-21,Active
3878,2024-04-16,Churned
3879,2024-11-07,Active
3880,2024-08-01,Churned
3881,2024-02-15,Churned
3882,2023-04-10,Churned
3883,2024-08-15,Churned
3884,2023-12-28,Churned
3885,2024-11-10,Active
3886,2024-06-19,Churned
3887,2023-06-02,Churned
3888,2023-02-25,Churned
3889,2024-10-23,Churned
3890,2024-10-21,Churned
3891,2024-05-14,Churned
3892,2024-12-25,Active
3893,2024-08-29,Churned
3894,2024-11-09,Active
3895,2024-05-08,Churned
3896,2024-12-26,Active
3897,2023-04-02,Churned
3898,2024-01-27,Churned
3899,2024-09-19,Churned
3900,2024-09-30,Churned
3901,2024-12-25,Active
3902,2023-08-15,Churned
3903,2023-05-15,Churned
3904,2024-08-13,Churned
3905,2024-11-03,Active
3906,2024-02-12,Churned
3907,2024-12-20,Active
3908,2023-08-02,Churned
3909,2024-07-21,Churned
3910,2023-11-17,Churned
3911,2023-12-15,Churned
3912,2023-06-09,Churned
3913,2023-08-21,Churned
3914,2023-08-09,Churned
3915,2024-07-26,Churned
3916,2023-11-05,Churned
3917,2024-08-01,Churned
3918,2023-07-24,Churned
3920,2023-05-19,Churned
3921,2024-11-09,Active
3922,2024-02-16,Churned
3923,2023-08-24,Churned
3925,2024-07-16,Churned
3926,2023-10-30,Churned
3927,2023-04-16,Churned
3928,2024-08-28,Churned
3929,2024-07-12,Churned
3930,2024-05-08,Churned
3931,2024-08-26,Churned
3932,2023-04-19,Churned
3933,2024-01-23,Churned
3935,2024-08-26,Churned
3936,2024-07-27,Churned
3937,2024-12-30,Active
3938,2024-12-01,Active
3940,2024-11-05,Active
3941,2024-12-26,Active
3942,2024-11-15,Active
3943,2024-08-02,Churned
3944,2024-06-10,Churned
3945,2024-12-10,Active
3947,2024-06-15,Churned
3948,2024-11-23,Active
3949,2023-08-23,Churned
3950,2023-12-28,Churned
3952,2024-08-01,Churned
3953,2023-10-22,Churned
3954,2024-06-29,Churned
3955,2023-12-29,Churned
3956,2024-11-16,Active
3958,2024-12-28,Active
3959,2024-12-23,Active
3960,2024-09-07,Churned
3961,2024-08-08,Churned
3962,2024-08-06,Churned
3963,2024-04-19,Churned
3964,2024-12-30,Active
3965,2024-08-03,Churned
3966,2024-07-17,Churned
3967,2024-12-26,Active
3968,2024-02-07,Churned
3969,2024-06-24,Churned
3970,2024-11-16,Active
3971,2024-12-20,Active
3972,2024-02-13,Churned
3973,2024-12-25,Active
3974,2024-04-04,Churned
3975,2023-09-15,Churned
3976,2024-11-24,Active
3977,2024-12-26,Active
3978,2024-07-31,Churned
3979,2024-11-04,Active
3980,2024-01-29,Churned
3981,2024-05-09,Churned
3982,2024-11-02,Active
3983,2024-03-03,Churned
3984,2024-06-06,Churned
3985,2023-11-12,Churned
3986,2024-12-15,Active
3987,2024-12-18,Active
3988,2024-02-28,Churned
3990,2024-05-15,Churned
3991,2024-03-02,Churned
3992,2024-09-30,Churned
3993,2023-02-26,Churned
3995,2024-11-16,Active
3996,2024-05-09,Churned
3997,2024-04-01,Churned
3998,2023-12-14,Churned
3999,2024-11-28,Active
4000,2023-11-24,Churned
4001,2024-06-12,Churned
4002,2024-10-30,Churned
4003,2024-09-09,Churned
4004,2023-12-03,Churned
4005,2024-08-15,Churned
4006,2024-08-25,Churned
4007,2024-09-03,Churned
4008,2024-10-30,Churned
4009,2024-08-10,Churned
4010,2024-11-09,Active
4011,2024-11-02,Active
4012,2023-10-12,Churned
4013,2024-06-15,Churned
4014,2024-09-24,Churned
4015,2024-10-16,Churned
4016,2024-12-11,Active
4017,2024-11-13,Active
4018,2023-08-25,Churned
4019,2024-10-02,Churned
4020,2024-11-13,Active
4021,2024-10-15,Churned
4022,2024-12-18,Active
4023,2023-08-17,Churned
4024,2024-09-23,Churned
4025,2024-12-24,Active
4026,2024-09-23,Churned
4027,2024-12-22,Active
4028,2024-09-20,Churned
4029,2024-05-05,Churned
4031,2024-10-26,Churned
4032,2024-10-01,Churned
4033,2024-12-12,Active
4034,2024-11-17,Active
4035,2024-08-25,Churned
4036,2024-01-25,Churned
4037,2024-12-28,Active
4038,2024-05-27,Churned
4039,2024-09-25,Churned
4040,2024-08-17,Churned
4041,2024-01-26,Churned
4042,2024-12-27,Active
4043,2024-11-15,Active
4044,2024-09-16,Churned
4045,2023-07-11,Churned
4046,2024-09-27,Churned
4047,2024-10-10,Churned
4048,2024-09-22,Churned
4049,2024-09-19,Churned
4051,2024-12-28,Active
4052,2024-07-16,Churned
4053,2024-11-16,Active
4054,2024-11-27,Active
4055,2024-09-03,Churned
4056,2024-06-13,Churned
4057,2023-09-11,Churned
4058,2024-07-19,Churned
4059,2024-11-20,Active
4060,2024-09-22,Churned
4061,2024-12-17,Active
4062,2024-12-30,Active
4063,2023-11-23,Churned
4064,2024-10-29,Churned
4065,2024-10-27,Churned
4066,2024-06-24,Churned
4067,2023-03-02,Churned
4068,2024-07-11,Churned
4069,2024-10-11,Churned
4070,2024-07-19,Churned
4071,2024-02-09,Churned
4072,2024-08-31,Churned
4073,2024-11-16,Active
4074,2023-10-13,Churned
4076,2024-04-16,Churned
4077,2024-10-22,Churned
4078,2024-10-28,Churned
4079,2024-07-01,Churned
4080,2024-08-19,Churned
4081,2024-12-07,Active
4082,2024-12-22,Active
4083,2024-02-20,Churned
4084,2024-05-22,Churned
4085,2024-11-29,Active
4086,2024-01-04,Churned
4087,2024-08-25,Churned
4088,2024-08-31,Churned
4089,2024-08-03,Churned
4090,2024-05-11,Churned
4091,2024-07-21,Churned
4092,2024-12-01,Active
4093,2024-05-30,Churned
4094,2023-09-14,Churned
4095,2024-08-06,Churned
4096,2023-02-28,Churned
4097,2024-09-15,Churned
4098,2023-12-30,Churned
4099,2024-11-20,Active
4100,2023-05-12,Churned
4101,2024-04-27,Churned
4102,2024-12-08,Active
4103,2024-09-22,Churned
4104,2024-10-20,Churned
4105,2024-07-04,Churned
4106,2024-08-01,Churned
4107,2024-05-25,Churned
4108,2024-01-13,Churned
4109,2024-06-26,Churned
4110,2023-10-01,Churned
4111,2024-01-17,Churned
4112,2023-10-12,Churned
4113,2023-05-21,Churned
4114,2024-09-29,Churned
4115,2024-07-31,Churned
4116,2024-04-24,Churned
4117,2024-08-10,Churned
4119,2024-05-21,Churned
4120,2024-10-14,Churned
4121,2024-11-19,Active
4122,2024-11-24,Active
4123,2023-11-30,Churned
4124,2023-10-11,Churned
4125,2024-06-19,Churned
4126,2024-08-16,Churned
4127,2023-01-13,Churned
4128,2024-12-11,Active
4130,2024-02-23,Churned
4131,2024-11-29,Active
4132,2024-09-20,Churned
4134,2024-01-19,Churned
4136,2024-12-26,Active
4138,2024-11-03,Active
4139,2023-12-05,Churned
4140,2024-10-17,Churned
4141,2024-04-28,Churned
4142,2024-11-26,Active
4143,2024-11-26,Active
4144,2023-08-15,Churned
4145,2024-06-07,Churned
4146,2023-12-17,Churned
4147,2024-02-22,Churned
4148,2024-11-26,Active
4149,2023-05-19,Churned
4150,2024-05-10,Churned
4151,2024-09-26,Churned
4152,2023-11-30,Churned
4153,2023-11-27,Churned
4154,2024-02-15,Churned
4155,2024-11-11,Active
4156,2024-08-08,Churned
4157,2024-10-23,Churned
4158,2023-10-31,Churned
4159,2024-08-13,Churned
4160,2023-12-20,Churned
4161,2024-08-23,Churned
4162,2023-08-23,Churned
4163,2024-06-26,Churned
4164,2024-04-10,Churned
4165,2024-10-30,Churned
4166,2024-09-06,Churned
4167,2024-09-28,Churned
4168,2024-12-13,Active
4169,2024-09-25,Churned
4170,2024-03-30,Churned
4171,2024-11-16,Active
4172,2024-07-27,Churned
4173,2024-04-01,Churned
4174,2024-10-27,Churned
4175,2024-07-19,Churned
4176,2024-10-13,Churned
4177,2023-10-14,Churned
4178,2024-12-12,Active
4179,2024-07-14,Churned
4180,2024-03-26,Churned
4181,2024-04-08,Churned
4182,2024-01-08,Churned
4183,2024-08-16,Churned
4184,2024-12-20,Active
4185,2024-05-23,Churned
4186,2023-07-29,Churned
4187,2023-11-12,Churned
4188,2024-08-24,Churned
4189,2024-11-18,Active
4190,2024-10-08,Churned
4191,2023-04-14,Churned
4192,2024-01-24,Churned
4193,2024-06-22,Churned
4194,2024-04-14,Churned
4195,2024-11-12,Active
4196,2024-09-18,Churned
4197,2024-12-30,Active
4198,2024-07-31,Churned
4199,2023-08-13,Churned
4200,2024-10-13,Churned
4201,2024-10-26,Churned
4202,2024-09-29,Churned
4203,2024-09-18,Churned
4204,2024-09-08,Churned
4205,2024-08-11,Churned
4206,2023-03-09,Churned
4207,2024-09-06,Churned
4208,2023-02-15,Churned
4209,2023-11-02,Churned
4210,2024-09-06,Churned
4211,2024-11-29,Active
4212,2024-10-11,Churned
4213,2023-07-15,Churned
4214,2024-12-24,Active
4215,2024-09-18,Churned
4216,2023-06-20,Churned
4217,2024-11-27,Active
4218,2024-12-12,Active
4219,2024-04-27,Churned
4220,2024-05-28,Churned
4221,2023-08-18,Churned
4222,2024-11-29,Active
4223,2024-12-22,Active
4225,2024-11-18,Active
4226,2024-12-23,Active
4227,2023-10-10,Churned
4228,2024-03-10,Churned
4229,2023-05-09,Churned
4230,2024-10-27,Churned
4231,2024-08-20,Churned
4232,2023-03-30,Churned
4233,2024-03-11,Churned
4234,2024-12-21,Active
4235,2024-11-30,Active
4236,2024-05-22,Churned
4237,2024-02-28,Churned
4238,2024-02-22,Churned
4239,2024-01-17,Churned
4240,2024-09-09,Churned
4241,2023-10-07,Churned
4242,2024-10-12,Churned
4243,2024-09-29,Churned
4244,2024-01-19,Churned
4245,2023-12-31,Churned
4246,2024-11-28,Active
4247,2024-08-07,Churned
4248,2024-09-03,Churned
4249,2024-10-18,Churned
4250,2024-05-22,Churned
4251,2024-01-07,Churned
4252,2023-08-20,Churned
4253,2024-12-10,Active
4254,2023-09-04,Churned
4255,2024-08-22,Churned
4256,2023-09-23,Churned
4257,2023-06-10,Churned
4259,2024-10-01,Churned
4260,2024-10-01,Churned
4261,2024-11-20,Active
4262,2024-06-14,Churned
4263,2024-05-01,Churned
4264,2024-03-04,Churned
4265,2024-12-22,Active
4266,2023-07-07,Churned
4267,2024-06-19,Churned
4268,2023-11-28,Churned
4269,2024-12-17,Active
4270,2024-09-30,Churned
4271,2024-01-08,Churned
4272,2024-02-22,Churned
4273,2023-11-05,Churned
4274,2024-04-01,Churned
4275,2024-10-21,Churned
4276,2024-11-30,Active
4277,2023-12-10,Churned
4278,2024-03-27,Churned
4279,2023-06-15,Churned
4280,2024-09-05,Churned
4281,2024-12-29,Active
4282,2024-05-11,Churned
4283,2024-05-21,Churned
4284,2024-02-23,Churned
4285,2024-08-01,Churned
4286,2024-04-30,Churned
4287,2024-06-22,Churned
4288,2024-11-13,Active
4289,2024-12-24,Active
4290,2024-03-22,Churned
4291,2023-08-31,Churned
4292,2024-12-22,Active
4293,2024-11-20,Active
4294,2024-01-10,Churned
4295,2024-05-05,Churned
4296,2024-10-13,Churned
4297,2024-08-05,Churned
4298,2024-03-11,Churned
4299,2023-06-27,Churned
4300,2024-12-27,Active
4301,2024-11-04,Active
4302,2023-12-18,Churned
4303,2024-11-15,Active
4304,2024-05-13,Churned
4305,2024-06-02,Churned
4306,2024-06-29,Churned
4307,2024-10-18,Churned
4308,2024-11-10,Active
4309,2024-12-17,Active
4310,2024-09-13,Churned
4311,2023-06-06,Churned
4312,2024-11-19,Active
4313,2024-08-05,Churned
4314,2024-03-15,Churned
4315,2024-12-14,Active
4316,2024-07-12,Churned
4317,2024-06-27,Churned
4318,2024-04-09,Churned
4319,2024-12-29,Active
4320,2024-09-08,Churned
4321,2024-06-22,Churned
4322,2024-11-29,Active
4323,2024-10-12,Churned
4324,2024-11-22,Active
4325,2024-12-22,Active
4326,2023-11-15,Churned
4327,2024-10-04,Churned
4328,2024-09-04,Churned
4329,2023-11-27,Churned
4330,2024-07-24,Churned
4332,2024-09-16,Churned
4333,2024-11-21,Active
4334,2024-12-27,Active
4335,2024-08-04,Churned
4336,2023-07-14,Churned
4337,2024-06-18,Churned
4338,2023-02-23,Churned
4339,2023-12-30,Churned
4340,2024-12-08,Active
4341,2023-04-17,Churned
4342,2024-12-29,Active
4343,2024-12-03,Active
4344,2024-07-16,Churned
4345,2024-02-26,Churned
4347,2024-06-07,Churned
4348,2024-05-30,Churned
4349,2023-11-23,Churned
4351,2024-11-12,Active
4352,2024-01-26,Churned
4353,2023-12-12,Churned
4354,2024-12-14,Active
4355,2024-04-14,Churned
4356,2024-03-02,Churned
4357,2023-05-26,Churned
4359,2024-07-11,Churned
4360,2024-11-13,Active
4361,2024-03-07,Churned
4362,2024-08-31,Churned
4363,2024-04-04,Churned
4364,2024-12-19,Active
4365,2024-11-05,Active
4366,2024-06-05,Churned
4367,2023-08-26,Churned
4368,2024-07-08,Churned
4369,2024-09-19,Churned
4370,2023-07-16,Churned
4371,2023-07-23,Churned
4372,2024-05-14,Churned
4373,2024-03-04,Churned
4374,2024-05-30,Churned
4375,2024-08-01,Churned
4376,2024-10-30,Churned
4377,2024-12-07,Active
4378,2023-06-11,Churned
4379,2023-12-01,Churned
4380,2024-03-26,Churned
4382,2023-06-24,Churned
4383,2024-09-09,Churned
4384,2024-01-02,Churned
4385,2023-03-08,Churned
4386,2024-12-08,Active
4388,2024-09-03,Churned
4389,2024-08-25,Churned
4390,2024-11-13,Active
4391,2024-11-10,Active
4392,2024-04-12,Churned
4393,2024-10-08,Churned
4394,2024-10-17,Churned
4395,2023-10-19,Churned
4396,2023-12-21,Churned
4397,2023-05-20,Churned
4398,2024-10-27,Churned
4399,2023-09-08,Churned
4400,2024-07-27,Churned
4401,2024-12-29,Active
4402,2024-12-14,Active
4403,2024-06-06,Churned
4404,2024-07-19,Churned
4406,2024-10-09,Churned
4407,2024-04-23,Churned
4408,2024-02-16,Churned
4409,2023-11-20,Churned
4410,2024-10-06,Churned
4411,2024-04-24,Churned
4413,2024-04-12,Churned
4414,2024-11-18,Active
4415,2024-12-12,Active
4416,2024-06-10,Churned
4417,2023-03-10,Churned
4418,2024-08-14,Churned
4419,2024-03-20,Churned
4420,2024-09-14,Churned
4421,2024-12-27,Active
4422,2023-07-03,Churned
4423,2024-09-23,Churned
4424,2024-10-03,Churned
4425,2024-12-26,Active
4427,2024-02-18,Churned
4428,2024-12-19,Active
4429,2023-10-04,Churned
4430,2024-08-25,Churned
4431,2024-12-19,Active
4432,2023-11-10,Churned
4433,2023-06-02,Churned
4434,2024-08-21,Churned
4435,2023-06-30,Churned
4436,2024-03-27,Churned
4437,2024-12-08,Active
4438,2024-02-11,Churned
4439,2024-12-16,Active
4440,2024-11-10,Active
4441,2024-12-19,Active
4442,2024-09-21,Churned
4443,2023-08-01,Churned
4444,2024-04-25,Churned
4445,2024-12-08,Active
4446,2024-12-22,Active
4447,2024-10-22,Churned
4448,2024-12-28,Active
4449,2024-10-31,Churned
4450,2024-07-08,Churned
4451,2024-10-31,Churned
4452,2024-11-19,Active
4453,2024-12-02,Active
4454,2024-11-26,Active
4456,2024-10-26,Churned
4457,2024-05-24,Churned
4458,2024-06-01,Churned
4460,2023-10-07,Churned
4461,2023-10-30,Churned
4462,2024-09-21,Churned
4463,2024-11-25,Active
4464,2023-12-09,Churned
4465,2024-01-04,Churned
4466,2024-11-14,Active
4467,2024-11-25,Active
4468,2024-11-11,Active
4469,2023-04-12,Churned
4470,2024-11-09,Active
4471,2024-10-24,Churned
4473,2023-11-02,Churned
4474,2023-11-29,Churned
4475,2023-04-18,Churned
4476,2024-10-04,Churned
4477,2024-04-29,Churned
4478,2023-12-22,Churned
4479,2024-12-21,Active
4480,2024-01-19,Churned
4481,2024-05-02,Churned
4482,2024-08-26,Churned
4483,2023-09-11,Churned
4484,2024-12-26,Active
4485,2023-12-19,Churned
4486,2024-12-05,Active
4487,2024-01-25,Churned
4488,2024-06-09,Churned
4489,2023-10-04,Churned
4490,2024-04-10,Churned
4491,2024-10-27,Churned
4492,2024-12-16,Active
4493,2024-10-18,Churned
4494,2024-07-15,Churned
4495,2023-05-23,Churned
4496,2024-09-12,Churned
4497,2023-11-19,Churned
4498,2024-04-16,Churned
4499,2024-03-23,Churned
4500,2024-08-04,Churned
4501,2024-09-26,Churned
4502,2024-03-25,Churned
4503,2024-07-08,Churned
4504,2023-11-10,Churned
4505,2023-09-09,Churned
4506,2024-06-06,Churned
4507,2024-04-24,Churned
4508,2024-10-18,Churned
4510,2024-10-05,Churned
4511,2024-07-18,Churned
4512,2024-01-07,Churned
4513,2024-07-10,Churned
4514,2024-07-25,Churned
4515,2024-03-23,Churned
4516,2024-04-04,Churned
4517,2024-05-14,Churned
4518,2023-11-20,Churned
4519,2023-09-19,Churned
4520,2024-11-26,Active
4521,2024-09-06,Churned
4522,2024-12-06,Active
4523,2023-03-07,Churned
4524,2023-08-03,Churned
4525,2024-05-17,Churned
4526,2024-10-05,Churned
4528,2024-11-20,Active
4529,2024-04-22,Churned
4530,2024-12-10,Active
4532,2024-05-21,Churned
4533,2024-03-07,Churned
4535,2024-06-29,Churned
4536,2024-11-15,Active
4537,2024-03-27,Churned
4539,2024-08-18,Churned
4540,2024-11-22,Active
4541,2024-06-11,Churned
4542,2024-02-01,Churned
4543,2024-06-27,Churned
4544,2024-02-05,Churned
4545,2024-11-21,Active
4546,2023-08-06,Churned
4548,2024-11-18,Active
4549,2024-12-11,Active
4550,2024-09-20,Churned
4551,2024-02-03,Churned
4552,2024-06-05,Churned
4553,2024-07-09,Churned
4555,2024-07-09,Churned
4556,2023-08-25,Churned
4557,2024-12-13,Active
4558,2024-11-19,Active
4559,2023-12-27,Churned
4560,2023-12-27,Churned
4561,2024-05-12,Churned
4562,2024-09-14,Churned
4563,2024-08-08,Churned
4564,2024-02-14,Churned
4565,2024-02-26,Churned
4566,2024-10-02,Churned
4567,2024-06-23,Churned
4568,2024-10-30,Churned
4569,2024-12-29,Active
4570,2024-03-12,Churned
4571,2024-10-30,Churned
4572,2024-10-09,Churned
4573,2024-07-09,Churned
4574,2024-05-15,Churned
4575,2023-12-20,Churned
4576,2024-07-13,Churned
4577,2024-08-19,Churned
4578,2024-10-15,Churned
4579,2024-10-01,Churned
4580,2024-05-25,Churned
4581,2024-08-03,Churned
4582,2024-12-27,Active
4583,2023-11-17,Churned
4584,2024-10-12,Churned
4585,2024-10-11,Churned
4586,2023-06-25,Churned
4587,2024-10-22,Churned
4588,2024-03-15,Churned
4589,2024-12-15,Active
4590,2023-12-25,Churned
4591,2024-12-05,Active
4592,2023-06-19,Churned
4593,2024-10-12,Churned
4594,2024-06-10,Churned
4595,2024-02-08,Churned
4596,2023-05-28,Churned
4597,2024-07-04,Churned
4598,2024-09-26,Churned
4599,2023-10-10,Churned
4600,2024-11-15,Active
4601,2024-08-18,Churned
4602,2023-08-23,Churned
4603,2024-10-21,Churned
4604,2024-07-03,Churned
4605,2024-08-03,Churned
4606,2024-07-06,Churned
4607,2024-09-09,Churned
4608,2024-05-18,Churned
4609,2023-11-26,Churned
4610,2024-05-30,Churned
4611,2024-07-24,Churned
4612,2023-09-14,Churned
4613,2024-05-22,Churned
4614,2024-11-03,Active
4615,2023-12-06,Churned
4616,2024-06-15,Churned
4617,2024-10-19,Churned
4618,2024-08-17,Churned
4619,2024-07-06,Churned
4620,2024-11-15,Active
4621,2024-10-26,Churned
4622,2024-11-20,Active
4623,2024-03-16,Churned
4624,2024-07-29,Churned
4625,2023-08-04,Churned
4626,2023-06-21,Churned
4627,2024-03-18,Churned
4628,2023-11-02,Churned
4629,2024-12-20,Active
4630,2024-08-10,Churned
4631,2024-10-08,Churned
4632,2024-08-08,Churned
4633,2024-03-11,Churned
4634,2024-11-30,Active
4635,2024-05-02,Churned
4636,2024-09-21,Churned
4637,2023-08-12,Churned
4638,2024-01-05,Churned
4639,2024-11-17,Active
4640,2023-04-17,Churned
4641,2024-06-03,Churned
4643,2024-12-15,Active
4644,2023-08-07,Churned
4645,2024-10-02,Churned
4646,2024-12-27,Active
4647,2024-11-07,Active
4648,2023-11-06,Churned
4649,2024-07-02,Churned
4650,2024-04-25,Churned
4651,2024-12-27,Active
4652,2024-05-11,Churned
4653,2024-05-12,Churned
4654,2024-03-10,Churned
4655,2024-11-15,Active
4656,2024-12-28,Active
4657,2024-09-21,Churned
4658,2024-10-25,Churned
4659,2024-08-16,Churned
4660,2024-12-31,Active
4661,2024-12-16,Active
4662,2024-09-08,Churned
4663,2024-06-20,Churned
4665,2024-09-05,Churned
4667,2023-08-13,Churned
4668,2024-04-05,Churned
4669,2024-12-05,Active
4670,2023-09-15,Churned
4671,2024-08-16,Churned
4672,2023-03-16,Churned
4673,2024-03-25,Churned
4674,2024-07-25,Churned
4675,2024-01-11,Churned
4676,2024-07-13,Churned
4677,2023-11-04,Churned
4678,2024-06-02,Churned
4679,2024-10-14,Churned
4680,2024-01-07,Churned
4681,2024-12-25,Active
4682,2023-12-22,Churned
4683,2024-11-09,Active
4684,2024-08-27,Churned
4685,2024-11-12,Active
4687,2024-08-17,Churned
4688,2024-07-28,Churned
4689,2023-08-13,Churned
4690,2024-07-22,Churned
4691,2024-09-18,Churned
4692,2024-05-17,Churned
4693,2024-12-04,Active
4695,2024-11-04,Active
4696,2024-04-23,Churned
4697,2023-12-29,Churned
4698,2024-04-07,Churned
4699,2024-12-02,Active
4700,2023-12-22,Churned
4701,2024-12-23,Active
4702,2024-03-05,Churned
4703,2024-09-11,Churned
4705,2024-05-10,Churned
4706,2024-03-10,Churned
4707,2024-08-13,Churned
4709,2024-06-30,Churned
4710,2023-11-14,Churned
4711,2023-02-12,Churned
4712,2024-02-04,Churned
4713,2024-06-16,Churned
4714,2024-04-11,Churned
4715,2024-07-21,Churned
4716,2024-03-25,Churned
4717,2024-11-07,Active
4718,2024-08-02,Churned
4719,2024-09-06,Churned
4720,2023-12-26,Churned
4721,2024-12-24,Active
4722,2024-12-19,Active
4723,2024-11-12,Active
4724,2024-11-19,Active
4725,2023-10-19,Churned
4726,2024-07-30,Churned
4727,2024-08-01,Churned
4728,2024-12-18,Active
4729,2024-08-05,Churned
4730,2024-08-16,Churned
4731,2024-09-30,Churned
4732,2023-08-21,Churned
4733,2024-08-16,Churned
4735,2024-02-17,Churned
4736,2024-05-11,Churned
4737,2024-10-15,Churned
4738,2024-11-04,Active
4739,2023-12-23,Churned
4740,2024-02-01,Churned
4741,2024-06-02,Churned
4742,2024-10-30,Churned
4743,2024-10-18,Churned
4744,2023-10-02,Churned
4745,2024-12-06,Active
4746,2024-11-27,Active
4747,2024-10-31,Churned
4748,2023-06-08,Churned
4749,2024-12-15,Active
4750,2024-04-05,Churned
4751,2024-02-11,Churned
4752,2024-11-27,Active
4753,2023-10-31,Churned
4754,2023-11-02,Churned
4755,2024-10-08,Churned
4756,2024-05-12,Churned
4757,2024-09-26,Churned
4758,2023-03-14,Churned
4759,2024-10-06,Churned
4760,2023-12-09,Churned
4761,2024-03-19,Churned
4762,2023-09-21,Churned
4763,2024-09-01,Churned
4764,2024-06-23,Churned
4765,2024-12-13,Active
4766,2024-10-02,Churned
4767,2023-11-12,Churned
4768,2024-01-29,Churned
4769,2023-08-03,Churned
4770,2024-09-21,Churned
4771,2024-11-28,Active
4772,2024-12-14,Active
4773,2024-07-15,Churned
4774,2024-05-23,Churned
4775,2024-09-11,Churned
4776,2024-05-20,Churned
4777,2024-11-06,Active
4778,2023-09-27,Churned
4779,2024-12-13,Active
4780,2024-10-29,Churned
4781,2024-10-11,Churned
4782,2024-09-21,Churned
4783,2024-10-06,Churned
4784,2024-05-08,Churned
4785,2024-08-28,Churned
4786,2023-04-12,Churned
4787,2023-11-20,Churned
4788,2023-03-25,Churned
4789,2024-05-03,Churned
4790,2024-11-15,Active
4791,2024-12-18,Active
4792,2024-12-11,Active
4793,2024-12-09,Active
4794,2024-11-10,Active
4795,2024-11-05,Active
4796,2024-11-24,Active
4797,2024-12-23,Active
4799,2024-09-17,Churned
4800,2023-07-04,Churned
4801,2023-12-01,Churned
4802,2024-07-08,Churned
4803,2023-04-07,Churned
4804,2024-09-16,Churned
4805,2024-05-29,Churned
4806,2023-11-14,Churned
4808,2024-11-12,Active
4809,2024-05-31,Churned
4810,2024-08-21,Churned
4811,2024-08-16,Churned
4812,2024-04-10,Churned
4813,2024-11-03,Active
4814,2024-03-20,Churned
4815,2023-09-12,Churned
4816,2024-11-11,Active
4817,2024-08-15,Churned
4818,2024-04-28,Churned
4819,2024-11-03,Active
4821,2024-03-23,Churned
4822,2024-07-09,Churned
4823,2024-11-27,Active
4824,2024-12-25,Active
4825,2024-08-01,Churned
4826,2024-01-24,Churned
4827,2024-03-21,Churned
4828,2024-10-23,Churned
4829,2024-05-28,Churned
4830,2023-02-28,Churned
4831,2024-10-19,Churned
4832,2024-06-21,Churned
4833,2024-11-14,Active
4834,2024-12-18,Active
4835,2024-12-29,Active
4836,2023-09-19,Churned
4837,2024-07-04,Churned
4838,2024-01-08,Churned
4839,2024-02-28,Churned
4840,2024-11-05,Active
4842,2024-07-07,Churned
4843,2024-11-14,Active
4844,2024-09-29,Churned
4845,2024-12-01,Active
4846,2024-11-08,Active
4847,2024-10-29,Churned
4848,2023-12-20,Churned
4849,2024-10-12,Churned
4850,2023-11-09,Churned
4851,2024-01-03,Churned
4852,2024-04-23,Churned
4853,2024-08-22,Churned
4854,2024-12-12,Active
4855,2023-12-02,Churned
4856,2024-07-31,Churned
4857,2023-07-27,Churned
4860,2024-07-08,Churned
4861,2024-06-17,Churned
4862,2024-04-02,Churned
4863,2023-12-23,Churned
4864,2023-11-15,Churned
4865,2024-02-25,Churned
4867,2024-09-15,Churned
4868,2024-11-07,Active
4870,2024-07-17,Churned
4871,2024-11-06,Active
4872,2024-11-09,Active
4873,2024-06-06,Churned
4874,2024-10-10,Churned
4875,2023-12-07,Churned
4876,2024-11-11,Active
4877,2023-03-26,Churned
4878,2024-06-02,Churned
4879,2024-12-18,Active
4880,2024-11-07,Active
4881,2024-07-15,Churned
4882,2024-12-29,Active
4883,2024-05-30,Churned
4884,2024-05-04,Churned
4885,2024-12-20,Active
4886,2024-03-03,Churned
4887,2024-03-06,Churned
4889,2024-08-04,Churned
4891,2024-07-24,Churned
4892,2024-05-21,Churned
4894,2024-09-17,Churned
4895,2024-10-17,Churned
4896,2024-11-02,Active
4897,2024-08-07,Churned
4898,2024-12-21,Active
4899,2024-03-19,Churned
4900,2024-12-25,Active
4901,2024-07-21,Churned
4902,2024-10-17,Churned
4903,2024-10-25,Churned
4904,2024-07-08,Churned
4905,2024-11-18,Active
4907,2023-04-14,Churned
4908,2024-10-11,Churned
4909,2024-02-10,Churned
4910,2024-04-02,Churned
4911,2024-08-09,Churned
4912,2024-12-27,Active
4914,2024-01-29,Churned
4915,2024-04-17,Churned
4916,2023-07-16,Churned
4917,2024-05-01,Churned
4918,2024-09-13,Churned
4919,2024-09-22,Churned
4920,2024-11-27,Active
4921,2024-04-21,Churned
4922,2024-08-08,Churned
4923,2024-09-01,Churned
4924,2024-08-15,Churned
4925,2024-08-04,Churned
4926,2024-09-15,Churned
4927,2024-09-10,Churned
4928,2023-10-12,Churned
4929,2023-09-13,Churned
4930,2024-01-19,Churned
4931,2023-11-11,Churned
4932,2024-08-19,Churned
4934,2024-10-27,Churned
4935,2024-06-13,Churned
4936,2024-02-11,Churned
4937,2024-09-06,Churned
4938,2024-11-11,Active
4939,2024-06-14,Churned
4940,2023-04-16,Churned
4941,2024-10-12,Churned
4942,2024-01-13,Churned
4943,2024-06-20,Churned
4944,2023-03-25,Churned
4945,2024-11-18,Active
4946,2024-10-23,Churned
4947,2024-10-14,Churned
4948,2024-11-21,Active
4949,2023-08-02,Churned
4950,2024-02-25,Churned
4951,2023-12-23,Churned
4952,2024-04-14,Churned
4953,2024-02-25,Churned
4955,2024-05-06,Churned
4956,2024-05-29,Churned
4957,2024-12-02,Active
4958,2024-12-01,Active
4959,2024-09-22,Churned
4960,2024-08-08,Churned
4961,2024-03-08,Churned
4962,2024-12-15,Active
4963,2024-11-05,Active
4964,2023-12-25,Churned
4965,2023-08-29,Churned
4967,2024-08-23,Churned
4968,2024-12-28,Active
4969,2024-01-05,Churned
4970,2024-05-29,Churned
4971,2024-06-17,Churned
4972,2024-11-23,Active
4973,2024-02-24,Churned
4974,2024-09-24,Churned
4975,2024-08-19,Churned
4976,2024-12-08,Active
4977,2024-10-28,Churned
4978,2023-12-23,Churned
4979,2024-08-23,Churned
4980,2024-04-12,Churned
4981,2024-11-06,Active
4982,2024-12-17,Active
4984,2024-07-07,Churned
4985,2024-03-16,Churned
4986,2024-11-15,Active
4987,2024-05-14,Churned
4988,2024-11-17,Active
4989,2024-10-19,Churned
4990,2024-05-28,Churned
4991,2024-11-12,Active
4992,2024-11-28,Active
4993,2024-06-05,Churned
4994,2024-10-29,Churned
4995,2024-03-18,Churned
4996,2024-02-20,Churned
4997,2023-03-18,Churned
4998,2024-05-01,Churned
4999,2024-08-06,Churned
5000,2024-12-29,Active
